sid,ads,idx,E_MACE_D3_eV,E_bind_MACE_D3_eV,dE_rel_meV,converged,n_steps,d_min_ads_sub_A,site_type_raw_MLIP,fingerprint
S1,CO,64,-405.719049,-1.7981,0.0,True,83,1.971,bridge,[1.19]
S1,CO,8,-405.714797,-1.7938,4252.1,True,108,1.972,atop,[1.19]
S1,CO,99,-405.387272,-1.4663,187729.6,True,200,2.264,atop,[1.22]
S1,CO,58,-405.389999,-1.469,307491.4,True,200,1.872,unknown,[1.17]
S1,CO,3,-405.717758,-1.7968,317172.7,True,200,1.86,unknown,[1.18]
S1,CO,40,-405.395071,-1.4741,323978.5,True,38,1.847,unknown,[1.17]
S1,CO,30,-405.712466,-1.7915,324768.2,True,200,1.856,unknown,[1.17]
S1,CO,89,-405.387515,-1.4666,326133.2,True,200,1.861,unknown,[1.16]
S1,CO,28,-405.712892,-1.7919,337712.9,True,200,1.851,unknown,[1.17]
S1,CO,85,-405.387722,-1.4668,367914.0,True,200,1.853,unknown,[1.17]
S1,CO,71,-405.391036,-1.4701,1637123.5,True,205,3.278,bridge,[1.15]
S1,CO,43,-405.672611,-1.7517,1692320.6,True,235,4.239,bridge,[1.15]
S1,CH3O,48,-415.87339,-2.1614,0.0,True,139,2.108,unknown,"[1.11, 1.11, 1.12, 1.43, 1.81, 1.81, 1.81, 2.06, 2.08, 2.12]"
S1,CH3O,59,-415.872253,-2.1603,1137.6,True,69,2.103,unknown,"[1.1, 1.11, 1.12, 1.43, 1.81, 1.81, 1.81, 2.07, 2.08, 2.12]"
S1,CH3O,138,-415.871883,-2.1599,1507.3,True,134,2.106,unknown,"[1.11, 1.11, 1.12, 1.43, 1.8, 1.81, 1.81, 2.07, 2.08, 2.12]"
S1,CH3O,40,-415.871556,-2.1596,1834.7,True,64,2.111,unknown,"[1.11, 1.11, 1.12, 1.43, 1.81, 1.81, 1.81, 2.07, 2.08, 2.12]"
S1,CH3O,141,-415.871537,-2.1596,1853.7,True,133,2.105,unknown,"[1.1, 1.11, 1.12, 1.43, 1.8, 1.81, 1.81, 2.07, 2.08, 2.12]"
S1,CH3O,105,-415.871232,-2.1593,2158.1,True,71,2.102,unknown,"[1.11, 1.11, 1.12, 1.43, 1.81, 1.81, 1.81, 2.07, 2.07, 2.12]"
S1,CH3O,283,-415.871009,-2.1591,2381.4,True,123,2.105,unknown,"[1.11, 1.11, 1.12, 1.43, 1.8, 1.81, 1.81, 2.06, 2.09, 2.12]"
S1,CH3O,0,-415.869376,-2.1574,4014.7,True,67,2.097,unknown,"[1.1, 1.11, 1.12, 1.43, 1.81, 1.81, 1.81, 2.07, 2.07, 2.12]"
S1,CH3O,37,-415.868882,-2.1569,4507.9,True,118,2.102,unknown,"[1.11, 1.11, 1.12, 1.43, 1.8, 1.8, 1.81, 2.06, 2.08, 2.12]"
S1,CH3O,103,-415.867731,-2.1558,5659.8,True,58,2.099,unknown,"[1.1, 1.11, 1.12, 1.43, 1.8, 1.81, 1.81, 2.07, 2.07, 2.13]"
S1,CH3O,128,-415.866182,-2.1542,7208.0,True,118,2.113,unknown,"[1.1, 1.11, 1.12, 1.43, 1.8, 1.8, 1.81, 2.06, 2.08, 2.12]"
S1,CH3O,199,-415.86574,-2.1538,7649.9,True,118,2.109,unknown,"[1.1, 1.11, 1.12, 1.43, 1.8, 1.81, 1.81, 2.06, 2.09, 2.12]"
S1,CH3O,61,-415.865065,-2.1531,8325.5,True,122,2.109,unknown,"[1.1, 1.1, 1.12, 1.43, 1.8, 1.81, 1.81, 2.06, 2.09, 2.12]"
S1,CH3O,331,-415.864041,-2.1521,9349.1,True,59,2.471,unknown,"[1.11, 1.11, 1.12, 1.43, 1.81, 1.81, 1.81, 2.06, 2.08, 2.12]"
S1,CH3O,319,-415.863933,-2.152,9457.8,True,59,2.471,unknown,"[1.1, 1.1, 1.12, 1.43, 1.8, 1.81, 1.81, 2.06, 2.08, 2.12]"
S1,CH3O,112,-415.863724,-2.1518,9666.6,True,75,2.103,unknown,"[1.11, 1.11, 1.12, 1.43, 1.8, 1.81, 1.81, 2.06, 2.09, 2.12]"
S1,CH3O,122,-415.860817,-2.1489,12573.3,True,115,2.104,unknown,"[1.11, 1.11, 1.12, 1.43, 1.8, 1.81, 1.81, 2.07, 2.09, 2.12]"
S1,CH3O,110,-415.860375,-2.1484,13015.5,True,116,2.105,unknown,"[1.11, 1.11, 1.12, 1.43, 1.8, 1.81, 1.81, 2.06, 2.08, 2.12]"
S1,CH3O,3,-415.859159,-2.1472,14230.8,True,77,2.097,unknown,"[1.11, 1.11, 1.11, 1.43, 1.8, 1.81, 1.81, 2.06, 2.08, 2.11]"
S1,CH3O,14,-415.857646,-2.1457,15743.9,True,77,2.093,unknown,"[1.1, 1.11, 1.11, 1.43, 1.8, 1.81, 1.81, 2.06, 2.08, 2.11]"
S1,CH3O,188,-415.855977,-2.144,17412.9,True,49,2.117,unknown,"[1.11, 1.11, 1.13, 1.43, 1.8, 1.81, 1.81, 2.07, 2.09, 2.13]"
S1,CH3O,13,-415.85506,-2.1431,18330.2,True,65,2.103,unknown,"[1.1, 1.11, 1.11, 1.43, 1.8, 1.81, 1.81, 2.07, 2.07, 2.12]"
S1,CH3O,116,-415.853861,-2.1419,19529.0,True,111,2.099,unknown,"[1.1, 1.11, 1.12, 1.43, 1.8, 1.81, 1.81, 2.06, 2.09, 2.12]"
S1,CH3O,308,-415.851616,-2.1397,21774.4,True,95,2.118,unknown,"[1.11, 1.11, 1.11, 1.43, 1.81, 1.81, 1.81, 2.06, 2.08, 2.12]"
S1,CH3O,140,-415.851123,-2.1392,22267.4,True,94,2.097,unknown,"[1.1, 1.11, 1.11, 1.43, 1.81, 1.81, 1.81, 2.06, 2.08, 2.12]"
S1,CH3O,7,-415.849653,-2.1377,23736.9,True,83,2.108,unknown,"[1.11, 1.11, 1.11, 1.43, 1.8, 1.81, 1.81, 2.06, 2.09, 2.11]"
S1,CH3O,97,-415.846199,-2.1343,27191.1,True,65,2.102,unknown,"[1.11, 1.11, 1.12, 1.43, 1.8, 1.81, 1.81, 2.06, 2.1, 2.12]"
S1,CH3O,187,-415.844854,-2.1329,28536.4,True,79,2.125,unknown,"[1.11, 1.11, 1.12, 1.43, 1.8, 1.81, 1.81, 2.06, 2.1, 2.12]"
S1,CH3O,130,-415.844312,-2.1324,29078.2,True,67,2.116,unknown,"[1.1, 1.11, 1.12, 1.43, 1.8, 1.81, 1.81, 2.05, 2.11, 2.12]"
S1,CH3O,214,-415.84417,-2.1322,29220.3,True,67,2.116,unknown,"[1.11, 1.11, 1.12, 1.43, 1.8, 1.81, 1.81, 2.05, 2.11, 2.12]"
S1,CH3O,2,-415.843398,-2.1315,29992.5,True,53,2.109,unknown,"[1.11, 1.11, 1.12, 1.43, 1.8, 1.8, 1.81, 2.06, 2.1, 2.12]"
S1,CH3O,298,-415.841919,-2.13,31471.3,True,64,2.118,unknown,"[1.11, 1.11, 1.12, 1.43, 1.8, 1.8, 1.82, 2.06, 2.11, 2.12]"
S1,CH3O,198,-415.841303,-2.1294,32087.7,True,65,2.108,unknown,"[1.11, 1.11, 1.12, 1.43, 1.8, 1.8, 1.81, 2.06, 2.11, 2.11]"
S1,CH3O,146,-415.840801,-2.1289,32589.7,True,47,2.106,unknown,"[1.11, 1.11, 1.12, 1.43, 1.8, 1.81, 1.81, 2.06, 2.11, 2.11]"
S1,CH3O,248,-415.840343,-2.1284,33046.8,True,47,2.107,unknown,"[1.11, 1.11, 1.12, 1.43, 1.8, 1.81, 1.81, 2.05, 2.11, 2.11]"
S1,CH3O,253,-415.839831,-2.1279,33559.7,True,72,2.109,unknown,"[1.11, 1.11, 1.11, 1.43, 1.8, 1.81, 1.81, 2.06, 2.1, 2.11]"
S1,CH3O,66,-415.838478,-2.1265,34912.1,True,63,2.113,unknown,"[1.11, 1.11, 1.12, 1.43, 1.8, 1.8, 1.81, 2.05, 2.11, 2.11]"
S1,CH3O,329,-415.837594,-2.1256,35796.2,True,43,2.471,unknown,"[1.11, 1.11, 1.11, 1.43, 1.8, 1.8, 1.81, 2.06, 2.11, 2.11]"
S1,CH3O,263,-415.836556,-2.1246,36833.8,True,29,2.115,unknown,"[1.11, 1.12, 1.12, 1.43, 1.8, 1.81, 1.81, 2.06, 2.11, 2.11]"
S1,CH3O,256,-415.83483,-2.1229,38560.7,True,29,2.117,unknown,"[1.11, 1.12, 1.12, 1.43, 1.8, 1.81, 1.81, 2.06, 2.11, 2.11]"
S1,CH3O,333,-415.833058,-2.1211,40332.4,True,71,2.34,unknown,"[1.11, 1.12, 1.12, 1.43, 1.8, 1.81, 1.81, 2.06, 2.11, 2.12]"
S1,CH3O,86,-415.830236,-2.1183,43154.7,True,88,2.089,unknown,"[1.11, 1.11, 1.11, 1.43, 1.8, 1.81, 1.81, 2.07, 2.08, 2.11]"
S1,CH3O,312,-415.824975,-2.113,48414.8,True,57,2.332,unknown,"[1.11, 1.12, 1.12, 1.42, 1.8, 1.8, 1.81, 2.06, 2.11, 2.12]"
S1,CH3O,8,-415.8161,-2.1042,57290.5,True,79,2.095,unknown,"[1.11, 1.11, 1.11, 1.43, 1.8, 1.81, 1.81, 2.07, 2.07, 2.12]"
S1,CH3O,334,-415.802642,-2.0907,70748.5,True,87,3.242,unknown,"[1.11, 1.11, 1.11, 1.44, 1.8, 1.8, 1.81, 2.06, 2.1, 2.1]"
S1,CH3O,109,-415.799185,-2.0872,74205.4,True,82,2.091,unknown,"[1.1, 1.11, 1.11, 1.44, 1.8, 1.8, 1.81, 2.06, 2.1, 2.11]"
S1,CH3O,57,-415.79839,-2.0864,75000.7,True,96,2.091,unknown,"[1.11, 1.11, 1.11, 1.44, 1.8, 1.81, 1.81, 2.06, 2.08, 2.11]"
S1,CH3O,303,-415.798344,-2.0864,75046.2,True,97,2.118,unknown,"[1.11, 1.11, 1.11, 1.44, 1.8, 1.81, 1.81, 2.06, 2.08, 2.12]"
S1,CH3O,225,-415.797965,-2.086,75425.5,True,96,2.09,unknown,"[1.11, 1.11, 1.11, 1.44, 1.8, 1.8, 1.81, 2.06, 2.08, 2.11]"
S1,CH3O,6,-415.793387,-2.0814,80003.2,True,78,2.103,unknown,"[1.1, 1.1, 1.11, 1.44, 1.8, 1.81, 1.81, 2.07, 2.08, 2.11]"
S1,CH3O,247,-415.786044,-2.0741,87346.8,True,84,2.085,unknown,"[1.1, 1.11, 1.11, 1.44, 1.8, 1.8, 1.81, 2.06, 2.09, 2.11]"
S1,CH3O,313,-415.784948,-2.073,88442.0,True,73,3.147,unknown,"[1.1, 1.11, 1.11, 1.44, 1.8, 1.8, 1.81, 2.06, 2.1, 2.1]"
S1,CH3O,104,-415.763791,-2.0518,109599.7,True,86,2.095,unknown,"[1.11, 1.11, 1.11, 1.44, 1.8, 1.81, 1.81, 2.07, 2.08, 2.11]"
S1,CH3O,41,-415.733058,-2.0211,140331.8,True,49,2.097,unknown,"[1.1, 1.1, 1.11, 1.44, 1.8, 1.8, 1.8, 2.06, 2.1, 2.1]"
S1,CH3O,47,-415.730131,-2.0182,143259.6,True,49,2.133,unknown,"[1.1, 1.1, 1.11, 1.44, 1.8, 1.8, 1.81, 2.06, 2.1, 2.1]"
S1,CH3O,251,-415.727853,-2.0159,145537.7,True,45,2.94,unknown,"[1.1, 1.11, 1.11, 1.44, 1.8, 1.8, 1.81, 2.07, 2.1, 2.1]"
S1,CH3O,131,-415.723105,-2.0112,150284.8,True,45,2.916,unknown,"[1.1, 1.11, 1.11, 1.44, 1.8, 1.8, 1.81, 2.06, 2.1, 2.1]"
S1,CH3O,299,-415.723035,-2.0111,150355.4,True,45,2.916,unknown,"[1.1, 1.11, 1.11, 1.44, 1.8, 1.8, 1.81, 2.06, 2.09, 2.1]"
S1,CH3O,233,-415.722812,-2.0109,150578.5,True,49,2.09,unknown,"[1.1, 1.11, 1.11, 1.44, 1.8, 1.8, 1.8, 2.06, 2.1, 2.1]"
S1,CH3O,281,-415.722464,-2.0105,150926.4,True,49,2.099,unknown,"[1.1, 1.1, 1.11, 1.44, 1.8, 1.8, 1.81, 2.07, 2.09, 2.1]"
S1,CH3O,244,-415.722266,-2.0103,151124.7,True,49,2.09,unknown,"[1.1, 1.1, 1.11, 1.44, 1.8, 1.8, 1.8, 2.06, 2.1, 2.1]"
S1,CH3O,26,-415.714507,-2.0026,158883.6,True,49,2.084,unknown,"[1.1, 1.11, 1.11, 1.44, 1.8, 1.8, 1.8, 2.07, 2.09, 2.1]"
S1,CH3O,129,-415.662803,-1.9509,210587.7,True,49,2.473,unknown,"[1.11, 1.11, 1.11, 1.44, 1.8, 1.8, 1.81, 2.07, 2.1, 2.1]"
S1,CH3O,170,-415.63194,-1.92,241449.9,True,72,1.986,unknown,"[1.11, 1.11, 1.15, 1.39, 1.79, 1.81, 1.82, 2.04, 2.1, 2.14]"
S1,CH3O,101,-415.630932,-1.919,242458.3,True,71,1.984,unknown,"[1.11, 1.11, 1.15, 1.4, 1.79, 1.81, 1.82, 2.05, 2.1, 2.14]"
S1,CH3O,5,-415.630075,-1.9181,243315.1,True,67,1.981,unknown,"[1.11, 1.11, 1.15, 1.4, 1.79, 1.81, 1.82, 2.04, 2.1, 2.14]"
S1,CH3O,50,-415.628162,-1.9162,245227.8,True,64,1.987,unknown,"[1.11, 1.11, 1.16, 1.39, 1.79, 1.81, 1.82, 2.04, 2.1, 2.14]"
S1,CH3O,305,-415.627978,-1.916,245411.9,True,64,2.01,unknown,"[1.11, 1.11, 1.16, 1.39, 1.79, 1.81, 1.83, 2.04, 2.1, 2.14]"
S1,CH3O,254,-415.623658,-1.9117,249732.4,True,41,1.983,unknown,"[1.11, 1.11, 1.14, 1.4, 1.8, 1.8, 1.82, 2.04, 2.1, 2.13]"
S1,CH3O,20,-415.621596,-1.9096,251794.6,True,57,1.989,unknown,"[1.11, 1.12, 1.16, 1.39, 1.78, 1.82, 1.82, 2.04, 2.11, 2.14]"
S1,CH3O,272,-415.620895,-1.9089,252495.0,True,62,1.99,unknown,"[1.11, 1.11, 1.16, 1.39, 1.77, 1.82, 1.82, 2.04, 2.1, 2.15]"
S1,CH3O,180,-415.617265,-1.9053,256125.1,True,45,1.975,unknown,"[1.11, 1.11, 1.13, 1.41, 1.8, 1.81, 1.81, 2.04, 2.1, 2.12]"
S1,CH3O,96,-415.614258,-1.9023,259132.1,True,41,1.983,unknown,"[1.11, 1.12, 1.14, 1.4, 1.8, 1.8, 1.82, 2.04, 2.11, 2.13]"
S1,CH3O,271,-415.613446,-1.9015,259944.4,True,40,1.98,unknown,"[1.11, 1.12, 1.14, 1.4, 1.8, 1.81, 1.82, 2.04, 2.11, 2.12]"
S1,CH3O,69,-415.612152,-1.9002,261238.7,True,54,1.988,unknown,"[1.11, 1.12, 1.14, 1.4, 1.8, 1.81, 1.81, 2.03, 2.1, 2.12]"
S1,CH3O,75,-415.612008,-1.9001,261382.2,True,54,1.988,unknown,"[1.11, 1.12, 1.14, 1.4, 1.8, 1.81, 1.81, 2.03, 2.11, 2.12]"
S1,CH3O,315,-415.611407,-1.8995,261983.2,True,54,2.719,unknown,"[1.11, 1.12, 1.14, 1.4, 1.8, 1.81, 1.82, 2.04, 2.11, 2.13]"
S1,CH3O,321,-415.611286,-1.8993,262104.2,True,54,2.722,unknown,"[1.11, 1.12, 1.14, 1.4, 1.8, 1.81, 1.82, 2.03, 2.11, 2.13]"
S1,CH3O,327,-415.611159,-1.8992,262231.0,True,54,2.723,unknown,"[1.11, 1.12, 1.14, 1.4, 1.8, 1.81, 1.82, 2.03, 2.11, 2.12]"
S1,CH3O,92,-415.610275,-1.8983,263115.6,True,45,1.974,unknown,"[1.11, 1.11, 1.13, 1.41, 1.8, 1.8, 1.81, 2.04, 2.11, 2.12]"
S1,CH3O,174,-415.606295,-1.8943,267095.6,True,40,1.98,unknown,"[1.11, 1.12, 1.13, 1.4, 1.8, 1.81, 1.82, 2.04, 2.11, 2.12]"
S1,CH3O,19,-415.604181,-1.8922,269209.0,True,41,1.982,unknown,"[1.11, 1.12, 1.13, 1.4, 1.8, 1.81, 1.82, 2.04, 2.11, 2.12]"
S1,CH3O,270,-415.601418,-1.8895,271971.9,True,41,1.983,unknown,"[1.11, 1.13, 1.13, 1.4, 1.8, 1.81, 1.81, 2.04, 2.11, 2.12]"
S1,CH3O,266,-415.578495,-1.8665,294895.5,True,40,1.978,unknown,"[1.11, 1.12, 1.13, 1.41, 1.8, 1.8, 1.81, 2.03, 2.12, 2.12]"
S1,CH3O,182,-415.568991,-1.857,304399.3,True,36,1.965,unknown,"[1.11, 1.11, 1.11, 1.42, 1.8, 1.81, 1.81, 2.03, 2.11, 2.11]"
S2,CO,59,-575.272269,-0.9609,0.0,True,53,2.014,bridge,[1.18]
S2,CO,81,-575.262802,-0.9515,9466.5,True,51,2.02,bridge,[1.18]
S2,CO,130,-575.042705,-0.7314,229563.7,True,53,1.894,unknown,[1.15]
S2,CO,154,-575.038307,-0.727,233961.7,True,57,1.899,unknown,[1.16]
S2,CO,27,-575.033468,-0.7221,238800.5,True,49,1.896,unknown,[1.15]
S2,CO,35,-575.032977,-0.7216,239292.1,True,49,1.902,unknown,[1.16]
S2,CO,127,-575.014547,-0.7032,257722.1,True,46,1.899,unknown,[1.15]
S2,CO,43,-575.009692,-0.6984,262576.5,True,44,1.899,unknown,[1.16]
S2,CO,136,-574.997817,-0.6865,274451.3,True,50,1.897,unknown,[1.15]
S2,CO,63,-574.994783,-0.6834,277485.4,True,54,1.901,unknown,[1.15]
S2,CO,14,-574.977153,-0.6658,295115.4,True,50,4.03,atop,[1.15]
S2,CO,135,-574.97427,-0.6629,297998.6,True,31,1.905,unknown,[1.15]
S2,CO,20,-574.596373,-0.285,675896.0,True,47,3.414,unknown,[1.15]
S2,CO,3,-574.594679,-0.2833,677589.5,True,58,2.512,atop,[1.15]
S2,CO,80,-574.584233,-0.2729,688035.4,True,45,2.546,atop,[1.15]
S2,CO,13,-574.56891,-0.2576,703358.9,True,34,3.146,unknown,[1.15]
S2,CO,146,-574.564696,-0.2534,707573.1,True,41,3.274,atop,[1.15]
S2,CO,156,-574.554517,-0.2432,717751.6,True,45,2.527,atop,[1.15]
S2,CO,125,-574.534181,-0.2228,738087.7,True,45,3.184,bridge,[1.15]
S2,CO,160,-574.524769,-0.2134,747500.0,True,39,3.543,atop,[1.15]
S2,CO,142,-574.513955,-0.2026,758313.7,True,43,2.825,hollow,[1.15]
S2,CO,49,-574.504968,-0.1936,767301.1,True,39,3.156,bridge,[1.15]
S2,CO,134,-574.492999,-0.1817,779269.4,True,41,3.054,atop,[1.15]
S2,CO,89,-574.484726,-0.1734,787542.5,True,42,3.058,atop,[1.15]
S2,CO,6,-574.474724,-0.1634,797544.3,True,28,2.94,atop,[1.15]
S2,CO,86,-574.453854,-0.1425,818415.1,True,38,3.196,bridge,[1.15]
S2,CH3O,19,-585.901712,-1.7994,0.0,True,75,2.136,unknown,"[1.1, 1.11, 1.11, 1.43, 1.79, 1.81, 1.81, 2.06, 2.07, 2.12]"
S2,CH3O,297,-585.901586,-1.7993,126.5,True,92,2.123,unknown,"[1.1, 1.1, 1.11, 1.43, 1.79, 1.81, 1.81, 2.06, 2.07, 2.12]"
S2,CH3O,340,-585.901262,-1.7989,449.8,True,135,2.123,unknown,"[1.1, 1.11, 1.11, 1.43, 1.8, 1.8, 1.81, 2.07, 2.07, 2.11]"
S2,CH3O,204,-585.897241,-1.7949,4471.1,True,105,2.126,unknown,"[1.1, 1.11, 1.11, 1.43, 1.79, 1.81, 1.81, 2.07, 2.07, 2.11]"
S2,CH3O,62,-585.89649,-1.7942,5221.8,True,96,2.135,unknown,"[1.1, 1.11, 1.11, 1.43, 1.79, 1.8, 1.81, 2.06, 2.07, 2.12]"
S2,CH3O,288,-585.895756,-1.7934,5956.6,True,66,2.128,unknown,"[1.1, 1.11, 1.11, 1.43, 1.79, 1.8, 1.81, 2.07, 2.07, 2.12]"
S2,CH3O,24,-585.895464,-1.7931,6248.7,True,66,2.135,unknown,"[1.1, 1.11, 1.11, 1.43, 1.79, 1.8, 1.8, 2.07, 2.08, 2.11]"
S2,CH3O,202,-585.8948,-1.7925,6912.3,True,103,2.121,unknown,"[1.1, 1.1, 1.11, 1.43, 1.8, 1.8, 1.81, 2.06, 2.08, 2.11]"
S2,CH3O,218,-585.891875,-1.7895,9837.2,True,69,2.112,unknown,"[1.1, 1.1, 1.11, 1.43, 1.79, 1.8, 1.81, 2.06, 2.07, 2.12]"
S2,CH3O,292,-585.891641,-1.7893,10071.3,True,116,2.128,unknown,"[1.1, 1.11, 1.11, 1.43, 1.79, 1.8, 1.81, 2.06, 2.08, 2.11]"
S2,CH3O,271,-585.890195,-1.7879,11517.6,True,56,2.132,unknown,"[1.1, 1.11, 1.11, 1.43, 1.79, 1.8, 1.81, 2.07, 2.08, 2.12]"
S2,CH3O,53,-585.889822,-1.7875,11889.9,True,90,2.142,unknown,"[1.1, 1.1, 1.11, 1.43, 1.8, 1.8, 1.8, 2.06, 2.08, 2.11]"
S2,CH3O,40,-585.888861,-1.7865,12850.8,True,53,2.142,unknown,"[1.1, 1.11, 1.11, 1.44, 1.8, 1.8, 1.81, 2.06, 2.08, 2.12]"
S2,CH3O,255,-585.885218,-1.7829,16494.5,True,48,2.117,unknown,"[1.1, 1.11, 1.11, 1.43, 1.8, 1.8, 1.81, 2.06, 2.08, 2.11]"
S2,CH3O,258,-585.884813,-1.7825,16899.6,True,51,2.118,unknown,"[1.1, 1.11, 1.11, 1.44, 1.8, 1.8, 1.81, 2.06, 2.09, 2.12]"
S2,CH3O,42,-585.879286,-1.777,22426.4,True,100,2.141,unknown,"[1.1, 1.11, 1.11, 1.43, 1.8, 1.8, 1.81, 2.06, 2.09, 2.11]"
S2,CH3O,289,-585.878983,-1.7767,22729.6,True,100,2.118,unknown,"[1.1, 1.11, 1.11, 1.43, 1.8, 1.8, 1.81, 2.06, 2.08, 2.11]"
S2,CH3O,37,-585.878139,-1.7758,23572.9,True,53,2.143,unknown,"[1.1, 1.1, 1.11, 1.43, 1.8, 1.8, 1.8, 2.06, 2.08, 2.11]"
S2,CH3O,479,-585.870079,-1.7677,31633.0,True,70,2.119,unknown,"[1.1, 1.1, 1.11, 1.43, 1.79, 1.8, 1.81, 2.06, 2.09, 2.11]"
S2,CH3O,387,-585.869442,-1.7671,32269.7,True,71,2.117,unknown,"[1.1, 1.11, 1.11, 1.43, 1.79, 1.81, 1.81, 2.06, 2.07, 2.12]"
S2,CH3O,393,-585.86881,-1.7665,32902.3,True,69,2.117,unknown,"[1.1, 1.11, 1.11, 1.43, 1.79, 1.8, 1.81, 2.06, 2.07, 2.12]"
S2,CH3O,148,-585.867313,-1.765,34399.3,True,89,2.118,unknown,"[1.1, 1.11, 1.11, 1.43, 1.8, 1.8, 1.81, 2.06, 2.07, 2.12]"
S2,CH3O,158,-585.867304,-1.765,34408.2,True,69,2.12,unknown,"[1.11, 1.11, 1.11, 1.43, 1.8, 1.8, 1.81, 2.06, 2.07, 2.12]"
S2,CH3O,299,-585.865809,-1.7635,35903.0,True,47,2.127,unknown,"[1.1, 1.1, 1.11, 1.44, 1.79, 1.8, 1.81, 2.07, 2.09, 2.11]"
S2,CH3O,405,-585.865722,-1.7634,35990.5,True,66,2.13,unknown,"[1.1, 1.11, 1.11, 1.43, 1.79, 1.8, 1.81, 2.06, 2.08, 2.12]"
S2,CH3O,257,-585.865546,-1.7632,36166.7,True,52,2.133,unknown,"[1.1, 1.1, 1.11, 1.44, 1.8, 1.8, 1.8, 2.06, 2.09, 2.11]"
S2,CH3O,161,-585.86443,-1.7621,37282.7,True,62,2.126,unknown,"[1.1, 1.11, 1.11, 1.43, 1.8, 1.8, 1.81, 2.07, 2.07, 2.12]"
S2,CH3O,260,-585.864287,-1.762,37424.9,True,52,2.133,unknown,"[1.1, 1.1, 1.11, 1.44, 1.8, 1.8, 1.8, 2.06, 2.09, 2.11]"
S2,CH3O,171,-585.863151,-1.7608,38561.2,True,73,2.127,unknown,"[1.1, 1.11, 1.11, 1.43, 1.8, 1.8, 1.81, 2.06, 2.07, 2.12]"
S2,CH3O,463,-585.862332,-1.76,39379.9,True,65,2.13,unknown,"[1.1, 1.11, 1.11, 1.43, 1.79, 1.81, 1.81, 2.06, 2.07, 2.12]"
S2,CH3O,168,-585.85966,-1.7573,42052.3,True,68,2.129,unknown,"[1.1, 1.11, 1.11, 1.43, 1.8, 1.8, 1.8, 2.06, 2.07, 2.12]"
S2,CH3O,420,-585.859557,-1.7572,42155.3,True,60,2.132,unknown,"[1.1, 1.11, 1.11, 1.43, 1.8, 1.8, 1.81, 2.06, 2.08, 2.12]"
S2,CH3O,423,-585.859182,-1.7569,42530.1,True,68,2.129,unknown,"[1.1, 1.1, 1.11, 1.43, 1.8, 1.8, 1.8, 2.06, 2.07, 2.12]"
S2,CH3O,170,-585.859142,-1.7568,42570.3,True,65,2.123,unknown,"[1.1, 1.11, 1.11, 1.43, 1.8, 1.8, 1.81, 2.06, 2.08, 2.11]"
S2,CH3O,173,-585.858715,-1.7564,42997.1,True,65,2.123,unknown,"[1.1, 1.11, 1.11, 1.43, 1.8, 1.8, 1.81, 2.05, 2.08, 2.11]"
S2,CH3O,426,-585.855383,-1.7531,46329.4,True,63,2.123,unknown,"[1.11, 1.11, 1.11, 1.44, 1.8, 1.8, 1.81, 2.06, 2.08, 2.12]"
S2,CH3O,212,-585.855215,-1.7529,46497.6,True,129,2.128,unknown,"[1.1, 1.11, 1.11, 1.44, 1.8, 1.8, 1.81, 2.07, 2.08, 2.12]"
S2,CH3O,428,-585.855002,-1.7527,46710.6,True,60,2.126,unknown,"[1.1, 1.1, 1.11, 1.43, 1.8, 1.8, 1.81, 2.06, 2.08, 2.12]"
S2,CH3O,337,-585.853279,-1.7509,48433.3,True,76,2.122,unknown,"[1.1, 1.11, 1.11, 1.43, 1.79, 1.8, 1.81, 2.06, 2.07, 2.11]"
S2,CH3O,26,-585.850648,-1.7483,51063.9,True,42,2.13,unknown,"[1.1, 1.1, 1.11, 1.44, 1.79, 1.8, 1.8, 2.07, 2.1, 2.11]"
S2,CH3O,100,-585.850419,-1.7481,51293.1,True,76,2.123,unknown,"[1.1, 1.11, 1.11, 1.43, 1.79, 1.8, 1.81, 2.06, 2.07, 2.12]"
S2,CH3O,425,-585.849691,-1.7474,52021.4,True,54,2.12,unknown,"[1.1, 1.1, 1.11, 1.44, 1.79, 1.8, 1.81, 2.06, 2.08, 2.12]"
S2,CH3O,477,-585.846076,-1.7437,55636.3,True,56,2.132,unknown,"[1.1, 1.1, 1.11, 1.44, 1.79, 1.8, 1.8, 2.06, 2.11, 2.11]"
S2,CH3O,156,-585.842828,-1.7405,58884.3,True,49,2.126,unknown,"[1.1, 1.1, 1.11, 1.43, 1.8, 1.8, 1.81, 2.06, 2.09, 2.11]"
S2,CH3O,385,-585.832024,-1.7297,69688.6,True,63,2.119,unknown,"[1.1, 1.1, 1.11, 1.43, 1.79, 1.8, 1.81, 2.06, 2.09, 2.12]"
S2,CH3O,164,-585.829161,-1.7268,72551.0,True,87,2.122,unknown,"[1.1, 1.1, 1.11, 1.44, 1.8, 1.8, 1.81, 2.06, 2.1, 2.11]"
S2,CH3O,395,-585.823655,-1.7213,78056.8,True,49,2.129,unknown,"[1.1, 1.1, 1.11, 1.44, 1.79, 1.8, 1.8, 2.06, 2.1, 2.12]"
S2,CH3O,389,-585.822627,-1.7203,79085.5,True,48,2.127,unknown,"[1.1, 1.1, 1.11, 1.44, 1.79, 1.8, 1.8, 2.06, 2.1, 2.11]"
S2,CH3O,146,-585.818956,-1.7166,82756.0,True,43,2.127,unknown,"[1.1, 1.1, 1.11, 1.44, 1.79, 1.8, 1.8, 2.06, 2.11, 2.11]"
S2,CH3O,46,-585.75324,-1.6509,148472.2,True,101,2.127,unknown,"[1.11, 1.11, 1.12, 1.41, 1.8, 1.8, 1.81, 2.06, 2.07, 2.12]"
S2,CH3O,276,-585.75243,-1.6501,149281.8,True,84,2.101,unknown,"[1.11, 1.11, 1.12, 1.41, 1.8, 1.81, 1.81, 2.06, 2.07, 2.12]"
S2,CH3O,464,-585.75044,-1.6481,151272.4,True,54,2.103,unknown,"[1.11, 1.11, 1.12, 1.42, 1.8, 1.8, 1.81, 2.06, 2.07, 2.12]"
S2,CH3O,298,-585.749042,-1.6467,152670.3,True,71,2.1,unknown,"[1.11, 1.11, 1.11, 1.42, 1.8, 1.8, 1.8, 2.06, 2.07, 2.11]"
S2,CH3O,309,-585.749035,-1.6467,152677.5,True,70,2.104,unknown,"[1.11, 1.11, 1.12, 1.42, 1.8, 1.8, 1.8, 2.06, 2.06, 2.11]"
S2,CH3O,251,-585.748286,-1.646,153426.7,True,101,2.105,unknown,"[1.11, 1.11, 1.11, 1.42, 1.8, 1.8, 1.81, 2.06, 2.07, 2.11]"
S2,CH3O,163,-585.738291,-1.636,163420.9,True,91,2.112,unknown,"[1.11, 1.11, 1.12, 1.41, 1.8, 1.8, 1.8, 2.06, 2.06, 2.12]"
S2,CH3O,409,-585.735719,-1.6334,165993.4,True,85,2.111,unknown,"[1.11, 1.11, 1.12, 1.42, 1.8, 1.81, 1.81, 2.06, 2.06, 2.12]"
S2,CH3O,406,-585.734856,-1.6325,166856.0,True,81,2.106,unknown,"[1.11, 1.11, 1.12, 1.42, 1.81, 1.81, 1.81, 2.06, 2.06, 2.12]"
S2,CH3O,145,-585.734687,-1.6324,167025.1,True,80,2.107,unknown,"[1.11, 1.11, 1.12, 1.42, 1.8, 1.81, 1.81, 2.06, 2.06, 2.12]"
S2,CH3O,169,-585.733667,-1.6313,168044.9,True,74,2.105,unknown,"[1.11, 1.11, 1.12, 1.42, 1.8, 1.81, 1.81, 2.06, 2.06, 2.11]"
S2,CH3O,172,-585.73258,-1.6302,169132.4,True,74,2.104,unknown,"[1.11, 1.11, 1.11, 1.42, 1.8, 1.81, 1.81, 2.06, 2.06, 2.11]"
S2,CH3O,424,-585.731812,-1.6295,169900.6,True,70,2.109,unknown,"[1.11, 1.11, 1.11, 1.42, 1.8, 1.8, 1.81, 2.06, 2.07, 2.11]"
S2,CH3O,421,-585.730915,-1.6286,170797.4,True,74,2.103,unknown,"[1.11, 1.11, 1.12, 1.42, 1.8, 1.8, 1.81, 2.06, 2.06, 2.12]"
S2,CH3O,256,-585.730074,-1.6277,171638.1,True,54,2.099,unknown,"[1.11, 1.11, 1.11, 1.42, 1.8, 1.8, 1.8, 2.07, 2.08, 2.11]"
S2,CH3O,242,-585.72972,-1.6274,171991.8,True,87,2.094,unknown,"[1.11, 1.11, 1.11, 1.42, 1.79, 1.8, 1.8, 2.07, 2.08, 2.1]"
S2,CH3O,438,-585.726662,-1.6243,175050.4,True,70,2.11,unknown,"[1.11, 1.11, 1.11, 1.42, 1.8, 1.8, 1.8, 2.06, 2.07, 2.12]"
S2,CH3O,371,-585.723456,-1.6211,178256.3,True,114,2.106,unknown,"[1.11, 1.11, 1.11, 1.42, 1.8, 1.8, 1.81, 2.07, 2.07, 2.12]"
S2,CH3O,119,-585.721617,-1.6193,180095.7,True,110,2.112,unknown,"[1.11, 1.11, 1.11, 1.42, 1.8, 1.8, 1.8, 2.06, 2.07, 2.12]"
S2,CH3O,44,-585.720567,-1.6182,181145.2,True,47,2.11,unknown,"[1.11, 1.11, 1.11, 1.43, 1.79, 1.8, 1.8, 2.08, 2.09, 2.1]"
S2,CH3O,82,-585.656576,-1.5542,245135.8,True,66,2.014,unknown,"[1.11, 1.11, 1.11, 1.41, 1.8, 1.8, 1.8, 2.01, 2.11, 2.12]"
S2,CH3O,475,-585.654498,-1.5522,247214.3,True,58,2.02,unknown,"[1.11, 1.11, 1.11, 1.41, 1.8, 1.8, 1.8, 2.01, 2.11, 2.12]"
S2,CH3O,334,-585.653488,-1.5512,248224.7,True,61,2.015,unknown,"[1.11, 1.11, 1.11, 1.42, 1.8, 1.8, 1.8, 2.01, 2.11, 2.12]"
S2,CH3O,25,-585.647728,-1.5454,253983.7,True,99,2.016,unknown,"[1.11, 1.11, 1.11, 1.41, 1.8, 1.8, 1.8, 2.01, 2.11, 2.11]"
S2,CH3O,391,-585.647425,-1.5451,254287.6,True,65,2.021,unknown,"[1.11, 1.11, 1.11, 1.42, 1.8, 1.8, 1.81, 2.01, 2.11, 2.12]"
S2,CH3O,275,-585.645054,-1.5427,256658.3,True,95,2.019,unknown,"[1.11, 1.11, 1.11, 1.41, 1.8, 1.8, 1.8, 2.02, 2.11, 2.12]"
S2,CH3O,295,-585.643484,-1.5412,258228.0,True,71,2.032,unknown,"[1.11, 1.11, 1.11, 1.42, 1.8, 1.8, 1.8, 2.02, 2.11, 2.11]"
S2,CH3O,349,-585.643407,-1.5411,258305.2,True,64,2.024,unknown,"[1.11, 1.11, 1.11, 1.41, 1.8, 1.8, 1.8, 2.01, 2.11, 2.11]"
S2,CH3O,36,-585.636805,-1.5345,264907.1,True,97,2.019,unknown,"[1.11, 1.11, 1.11, 1.41, 1.8, 1.8, 1.8, 2.02, 2.11, 2.12]"
S2,CH3O,306,-585.635922,-1.5336,265790.3,True,162,2.02,unknown,"[1.11, 1.11, 1.11, 1.41, 1.8, 1.8, 1.81, 2.02, 2.11, 2.12]"
S2,CH3O,378,-585.635912,-1.5336,265800.0,True,112,2.031,unknown,"[1.11, 1.11, 1.11, 1.42, 1.8, 1.8, 1.8, 2.01, 2.11, 2.12]"
S2,CH3O,328,-585.634368,-1.532,267344.4,True,66,2.024,unknown,"[1.11, 1.11, 1.11, 1.42, 1.8, 1.8, 1.8, 2.02, 2.11, 2.12]"
S2,CH3O,460,-585.633813,-1.5315,267899.5,True,57,2.021,unknown,"[1.11, 1.11, 1.11, 1.41, 1.8, 1.8, 1.8, 2.01, 2.11, 2.12]"
S2,CH3O,160,-585.628371,-1.526,273341.5,True,88,2.019,unknown,"[1.11, 1.11, 1.11, 1.41, 1.79, 1.8, 1.81, 2.01, 2.11, 2.11]"
S2,CH3O,296,-585.626733,-1.5244,274979.4,True,52,2.029,unknown,"[1.11, 1.11, 1.11, 1.42, 1.79, 1.8, 1.8, 2.02, 2.11, 2.11]"
S2,CH3O,48,-585.622482,-1.5202,279230.6,True,152,3.395,unknown,"[1.11, 1.11, 1.12, 1.41, 1.8, 1.8, 1.8, 2.02, 2.11, 2.11]"
S2,CH3O,162,-585.622172,-1.5198,279540.0,True,89,2.014,unknown,"[1.11, 1.11, 1.11, 1.41, 1.79, 1.8, 1.81, 2.01, 2.11, 2.11]"
S2,CH3O,466,-585.622131,-1.5198,279581.3,True,51,2.019,unknown,"[1.11, 1.11, 1.11, 1.41, 1.8, 1.8, 1.81, 2.01, 2.11, 2.12]"
S2,CH3O,379,-585.621899,-1.5196,279813.1,True,100,2.015,unknown,"[1.11, 1.11, 1.12, 1.41, 1.8, 1.8, 1.81, 2.02, 2.11, 2.11]"
S2,CH3O,402,-585.621617,-1.5193,280095.1,True,111,2.024,unknown,"[1.11, 1.11, 1.11, 1.41, 1.8, 1.8, 1.8, 2.01, 2.11, 2.12]"
S2,CH3O,47,-585.619759,-1.5174,281952.8,True,66,2.748,unknown,"[1.11, 1.11, 1.12, 1.41, 1.8, 1.8, 1.8, 2.01, 2.11, 2.11]"
S2,CH3O,417,-585.617959,-1.5156,283752.9,True,106,2.021,unknown,"[1.11, 1.11, 1.11, 1.41, 1.79, 1.8, 1.8, 2.01, 2.11, 2.12]"
S2,CH3O,481,-585.617802,-1.5155,283909.8,True,47,2.023,unknown,"[1.11, 1.11, 1.11, 1.41, 1.79, 1.8, 1.8, 2.02, 2.11, 2.12]"
S2,CH3O,483,-585.616431,-1.5141,285281.6,True,89,2.019,unknown,"[1.11, 1.11, 1.12, 1.41, 1.8, 1.8, 1.81, 2.02, 2.11, 2.12]"
S2,CH3O,157,-585.61643,-1.5141,285282.1,True,106,2.021,unknown,"[1.11, 1.11, 1.12, 1.41, 1.8, 1.81, 1.81, 2.02, 2.11, 2.12]"
S2,CH3O,199,-585.615919,-1.5136,285793.3,True,74,2.023,unknown,"[1.11, 1.11, 1.12, 1.41, 1.79, 1.8, 1.81, 2.01, 2.11, 2.11]"
S2,CH3O,217,-585.613977,-1.5116,287735.6,True,43,2.017,unknown,"[1.11, 1.11, 1.12, 1.41, 1.8, 1.8, 1.8, 2.01, 2.11, 2.11]"
S2,CH3O,478,-585.613923,-1.5116,287789.1,True,63,2.02,unknown,"[1.11, 1.11, 1.12, 1.41, 1.8, 1.8, 1.81, 2.01, 2.11, 2.12]"
S2,CH3O,468,-585.613671,-1.5113,288040.7,True,85,2.019,unknown,"[1.11, 1.11, 1.12, 1.41, 1.8, 1.81, 1.81, 2.02, 2.11, 2.12]"
S2,CH3O,29,-585.613656,-1.5113,288056.1,True,66,2.558,unknown,"[1.11, 1.11, 1.12, 1.4, 1.79, 1.8, 1.81, 2.02, 2.11, 2.11]"
S2,CH3O,57,-585.61198,-1.5097,289731.8,True,149,2.02,unknown,"[1.11, 1.11, 1.12, 1.41, 1.8, 1.8, 1.81, 2.02, 2.11, 2.11]"
S2,CH3O,222,-585.611223,-1.5089,290488.9,True,83,2.018,unknown,"[1.11, 1.11, 1.12, 1.41, 1.79, 1.81, 1.81, 2.01, 2.11, 2.12]"
S2,CH3O,95,-585.610706,-1.5084,291005.8,True,68,2.017,unknown,"[1.11, 1.11, 1.12, 1.41, 1.8, 1.8, 1.81, 2.01, 2.11, 2.11]"
S2,CH3O,491,-585.609356,-1.507,292356.0,True,46,2.021,unknown,"[1.11, 1.11, 1.12, 1.41, 1.79, 1.8, 1.81, 2.02, 2.11, 2.11]"
S2,CH3O,205,-585.608466,-1.5061,293246.5,True,65,2.018,unknown,"[1.11, 1.11, 1.12, 1.41, 1.79, 1.8, 1.81, 2.01, 2.11, 2.12]"
S2,CH3O,52,-585.607944,-1.5056,293768.7,True,73,2.017,unknown,"[1.11, 1.11, 1.12, 1.41, 1.79, 1.8, 1.8, 2.02, 2.11, 2.11]"
S2,CH3O,270,-585.607757,-1.5054,293955.6,True,112,2.019,unknown,"[1.11, 1.11, 1.12, 1.41, 1.8, 1.8, 1.81, 2.02, 2.11, 2.12]"
S2,CH3O,83,-585.607483,-1.5052,294228.8,True,47,2.019,unknown,"[1.11, 1.11, 1.12, 1.41, 1.79, 1.8, 1.81, 2.01, 2.11, 2.11]"
S2,CH3O,333,-585.604955,-1.5026,296757.5,True,93,2.02,unknown,"[1.11, 1.11, 1.12, 1.4, 1.8, 1.8, 1.81, 2.02, 2.11, 2.11]"
S2,CH3O,117,-585.604695,-1.5024,297016.8,True,83,2.019,unknown,"[1.11, 1.11, 1.12, 1.41, 1.79, 1.81, 1.81, 2.02, 2.11, 2.11]"
S2,CH3O,341,-585.603904,-1.5016,297808.1,True,92,2.022,unknown,"[1.11, 1.11, 1.13, 1.4, 1.8, 1.8, 1.81, 2.02, 2.11, 2.11]"
S2,CH3O,273,-585.60387,-1.5015,297842.4,True,91,2.02,unknown,"[1.11, 1.11, 1.12, 1.41, 1.8, 1.8, 1.81, 2.02, 2.11, 2.11]"
S2,CH3O,43,-585.60355,-1.5012,298162.0,True,64,3.25,unknown,"[1.11, 1.11, 1.12, 1.41, 1.8, 1.8, 1.8, 2.01, 2.11, 2.11]"
S2,CH3O,461,-585.603529,-1.5012,298182.8,True,47,2.026,unknown,"[1.11, 1.11, 1.12, 1.4, 1.79, 1.8, 1.81, 2.01, 2.11, 2.12]"
S2,CH3O,215,-585.602527,-1.5002,299185.2,True,42,2.022,unknown,"[1.11, 1.11, 1.12, 1.4, 1.79, 1.8, 1.8, 2.01, 2.11, 2.12]"
S2,CH3O,300,-585.601922,-1.4996,299790.0,True,113,3.248,unknown,"[1.11, 1.11, 1.12, 1.41, 1.79, 1.8, 1.81, 2.02, 2.11, 2.11]"
S2,CH3O,99,-585.601917,-1.4996,299794.9,True,83,2.024,unknown,"[1.11, 1.11, 1.12, 1.41, 1.8, 1.81, 1.81, 2.02, 2.11, 2.11]"
S2,CH3O,485,-585.601865,-1.4995,299846.7,True,59,2.023,unknown,"[1.11, 1.11, 1.12, 1.4, 1.8, 1.81, 1.81, 2.02, 2.11, 2.12]"
S2,CH3O,350,-585.601529,-1.4992,300183.5,True,48,2.022,unknown,"[1.11, 1.11, 1.12, 1.41, 1.79, 1.8, 1.81, 2.02, 2.12, 2.12]"
S2,CH3O,23,-585.599912,-1.4976,301800.1,True,65,2.363,unknown,"[1.11, 1.11, 1.13, 1.4, 1.8, 1.8, 1.82, 2.01, 2.11, 2.11]"
S2,CH3O,87,-585.599323,-1.497,302389.0,True,79,2.021,unknown,"[1.11, 1.11, 1.12, 1.4, 1.8, 1.81, 1.81, 2.02, 2.11, 2.11]"
S2,CH3O,41,-585.599267,-1.4969,302445.0,True,65,2.361,unknown,"[1.11, 1.11, 1.13, 1.4, 1.79, 1.8, 1.82, 2.01, 2.11, 2.11]"
S2,CH3O,274,-585.598586,-1.4963,303126.3,True,60,2.018,unknown,"[1.11, 1.11, 1.12, 1.41, 1.79, 1.8, 1.81, 2.01, 2.11, 2.12]"
S2,CH3O,27,-585.597233,-1.4949,304479.5,True,66,2.305,unknown,"[1.11, 1.11, 1.13, 1.4, 1.79, 1.8, 1.82, 2.02, 2.11, 2.11]"
S2,CH3O,388,-585.595879,-1.4935,305833.1,True,95,2.027,unknown,"[1.11, 1.11, 1.12, 1.4, 1.8, 1.8, 1.81, 2.02, 2.11, 2.12]"
S2,CH3O,348,-585.594585,-1.4923,307127.2,True,57,2.023,unknown,"[1.11, 1.11, 1.13, 1.4, 1.8, 1.8, 1.81, 2.02, 2.11, 2.12]"
S2,CH3O,277,-585.594043,-1.4917,307669.1,True,66,2.025,unknown,"[1.11, 1.11, 1.13, 1.4, 1.79, 1.8, 1.82, 2.02, 2.11, 2.11]"
S2,CH3O,365,-585.592469,-1.4901,309243.4,True,45,2.021,unknown,"[1.11, 1.11, 1.12, 1.41, 1.8, 1.81, 1.81, 2.02, 2.11, 2.11]"
S2,CH3O,143,-585.591854,-1.4895,309858.2,True,70,2.019,unknown,"[1.11, 1.11, 1.12, 1.4, 1.79, 1.8, 1.81, 2.03, 2.1, 2.11]"
S2,CH3O,113,-585.590302,-1.488,311410.0,True,41,2.022,unknown,"[1.11, 1.11, 1.12, 1.4, 1.8, 1.8, 1.81, 2.02, 2.11, 2.11]"
S2,CH3O,335,-585.589458,-1.4871,312254.4,True,48,2.022,unknown,"[1.11, 1.11, 1.12, 1.41, 1.79, 1.8, 1.81, 2.02, 2.11, 2.12]"
S2,CH3O,465,-585.588527,-1.4862,313185.0,True,71,2.024,unknown,"[1.11, 1.11, 1.13, 1.4, 1.8, 1.81, 1.81, 2.02, 2.11, 2.11]"
S2,CH3O,141,-585.588041,-1.4857,313670.9,True,101,2.027,unknown,"[1.11, 1.11, 1.12, 1.4, 1.8, 1.8, 1.81, 2.01, 2.11, 2.12]"
S2,CH3O,209,-585.58773,-1.4854,313982.2,True,39,2.026,unknown,"[1.11, 1.11, 1.13, 1.4, 1.79, 1.81, 1.81, 2.02, 2.11, 2.12]"
S2,CH3O,107,-585.586654,-1.4843,315057.9,True,37,2.021,unknown,"[1.11, 1.11, 1.12, 1.41, 1.8, 1.8, 1.81, 2.02, 2.11, 2.11]"
S2,CH3O,39,-585.585463,-1.4831,316248.9,True,99,3.173,unknown,"[1.11, 1.11, 1.13, 1.4, 1.8, 1.8, 1.81, 2.01, 2.11, 2.12]"
S2,CH3O,81,-585.583962,-1.4816,317750.2,True,51,2.023,unknown,"[1.11, 1.11, 1.12, 1.4, 1.8, 1.8, 1.81, 2.02, 2.11, 2.12]"
S2,CH3O,201,-585.581576,-1.4792,320136.6,True,58,2.021,unknown,"[1.11, 1.11, 1.13, 1.4, 1.8, 1.8, 1.81, 2.02, 2.11, 2.11]"
S2,CH3O,21,-585.581408,-1.4791,320303.9,True,95,2.444,unknown,"[1.11, 1.11, 1.13, 1.4, 1.8, 1.81, 1.81, 2.02, 2.11, 2.12]"
S2,CH3O,319,-585.58077,-1.4784,320942.5,True,38,2.024,unknown,"[1.11, 1.11, 1.12, 1.41, 1.8, 1.8, 1.8, 2.02, 2.11, 2.12]"
S2,CH3O,496,-585.579391,-1.4771,322321.7,True,73,2.019,unknown,"[1.11, 1.11, 1.12, 1.4, 1.8, 1.81, 1.81, 2.02, 2.11, 2.11]"
S2,CH3O,241,-585.579177,-1.4768,322535.0,True,40,2.02,unknown,"[1.11, 1.11, 1.11, 1.41, 1.79, 1.8, 1.8, 2.02, 2.11, 2.11]"
S2,CH3O,165,-585.576308,-1.474,325403.8,True,47,2.029,unknown,"[1.11, 1.11, 1.13, 1.4, 1.8, 1.8, 1.82, 2.02, 2.11, 2.12]"
S2,CH3O,249,-585.571437,-1.4691,330275.4,True,62,2.021,unknown,"[1.11, 1.11, 1.13, 1.4, 1.8, 1.81, 1.81, 2.02, 2.11, 2.11]"
S2,CH3O,474,-585.571147,-1.4688,330565.5,True,58,2.022,unknown,"[1.11, 1.12, 1.13, 1.4, 1.8, 1.8, 1.81, 2.02, 2.11, 2.11]"
S2,CH3O,28,-585.569458,-1.4671,332254.0,True,44,2.518,unknown,"[1.11, 1.11, 1.12, 1.41, 1.8, 1.8, 1.8, 2.04, 2.11, 2.11]"
S2,CH3O,294,-585.562043,-1.4597,339669.3,True,76,2.023,unknown,"[1.11, 1.12, 1.13, 1.4, 1.8, 1.8, 1.81, 2.02, 2.1, 2.11]"
S2,CH3O,93,-585.561969,-1.4596,339743.6,True,61,2.026,unknown,"[1.11, 1.12, 1.13, 1.4, 1.8, 1.8, 1.81, 2.02, 2.1, 2.12]"
S2,CH3O,291,-585.560989,-1.4587,340723.1,True,76,2.024,unknown,"[1.11, 1.12, 1.13, 1.4, 1.8, 1.81, 1.81, 2.02, 2.1, 2.11]"
S2,CH3O,118,-585.560704,-1.4584,341008.5,True,36,2.024,unknown,"[1.11, 1.11, 1.12, 1.41, 1.8, 1.8, 1.81, 2.02, 2.11, 2.12]"
S2,CH3O,459,-585.55744,-1.4551,344272.4,True,60,2.027,unknown,"[1.11, 1.12, 1.13, 1.39, 1.8, 1.8, 1.81, 2.02, 2.11, 2.12]"
S2,CH3O,213,-585.557147,-1.4548,344565.1,True,53,2.029,unknown,"[1.11, 1.12, 1.13, 1.39, 1.8, 1.81, 1.81, 2.02, 2.11, 2.11]"
S2,CH3O,311,-585.545663,-1.4433,356049.2,True,57,2.028,unknown,"[1.11, 1.11, 1.11, 1.41, 1.8, 1.8, 1.8, 2.03, 2.1, 2.11]"
S2,CH3O,314,-585.544816,-1.4425,356895.8,True,57,2.028,unknown,"[1.11, 1.11, 1.11, 1.41, 1.8, 1.8, 1.8, 2.03, 2.1, 2.11]"
S2,CH3O,384,-585.542712,-1.4404,359000.1,True,69,2.02,unknown,"[1.11, 1.12, 1.12, 1.4, 1.8, 1.81, 1.81, 2.03, 2.1, 2.11]"
S2,CH3O,390,-585.540439,-1.4381,361272.7,True,69,2.022,unknown,"[1.11, 1.12, 1.12, 1.4, 1.8, 1.8, 1.81, 2.03, 2.1, 2.11]"
S2,CH3O,440,-585.539752,-1.4374,361960.1,True,47,2.032,unknown,"[1.11, 1.11, 1.11, 1.41, 1.8, 1.8, 1.8, 2.02, 2.11, 2.12]"
S2,CH3O,128,-585.539729,-1.4374,361983.6,True,82,2.045,unknown,"[1.11, 1.11, 1.13, 1.4, 1.8, 1.81, 1.81, 2.02, 2.11, 2.11]"
S2,CH3O,480,-585.525443,-1.4231,376269.7,True,44,2.028,unknown,"[1.11, 1.11, 1.11, 1.4, 1.79, 1.8, 1.8, 2.01, 2.11, 2.12]"
S2,CH3O,207,-585.523791,-1.4215,377920.8,True,53,2.023,unknown,"[1.11, 1.11, 1.12, 1.4, 1.79, 1.79, 1.81, 2.0, 2.11, 2.12]"
S2,CH3O,467,-585.52372,-1.4214,377992.6,True,44,2.032,unknown,"[1.11, 1.12, 1.12, 1.39, 1.8, 1.8, 1.8, 2.0, 2.11, 2.12]"
S2,CH3O,338,-585.522955,-1.4206,378756.7,True,44,2.033,unknown,"[1.11, 1.12, 1.12, 1.39, 1.8, 1.8, 1.81, 2.01, 2.11, 2.11]"
S2,CH3O,80,-585.521481,-1.4192,380231.3,True,87,1.684,unknown,"[1.12, 1.12, 1.22, 1.9, 2.05, 2.05, 3.81, 4.27, 4.57, 4.85]"
S2,CH3O,482,-585.513933,-1.4116,387779.5,True,43,2.035,unknown,"[1.11, 1.12, 1.13, 1.39, 1.8, 1.8, 1.81, 2.0, 2.11, 2.12]"
S2,CH3O,86,-585.510244,-1.4079,391468.0,True,51,2.034,unknown,"[1.11, 1.11, 1.13, 1.39, 1.8, 1.8, 1.81, 2.01, 2.11, 2.12]"
S2,CH3O,98,-585.5096,-1.4073,392112.1,True,40,2.03,unknown,"[1.11, 1.12, 1.12, 1.39, 1.8, 1.81, 1.81, 2.01, 2.11, 2.11]"
S2,CH3O,60,-585.509146,-1.4068,392565.9,True,38,2.035,unknown,"[1.11, 1.11, 1.14, 1.39, 1.8, 1.8, 1.81, 2.01, 2.11, 2.11]"
S2,CH3O,51,-585.508982,-1.4067,392730.0,True,38,2.036,unknown,"[1.11, 1.11, 1.14, 1.39, 1.8, 1.8, 1.81, 2.02, 2.11, 2.11]"
S2,CH3O,73,-585.502496,-1.4002,399216.4,True,37,2.026,unknown,"[1.11, 1.11, 1.12, 1.4, 1.8, 1.8, 1.8, 2.02, 2.1, 2.12]"
S2,CH3O,344,-585.499864,-1.3975,401848.4,True,66,1.681,unknown,"[1.12, 1.12, 1.22, 1.9, 2.05, 2.05, 2.62, 3.23, 3.4, 4.12]"
S2,CH3O,196,-585.498004,-1.3957,403708.1,True,37,2.028,unknown,"[1.11, 1.12, 1.12, 1.4, 1.8, 1.8, 1.8, 2.02, 2.1, 2.12]"
S2,CH3O,190,-585.49644,-1.3941,405271.7,True,35,2.029,unknown,"[1.11, 1.12, 1.12, 1.4, 1.8, 1.8, 1.81, 2.02, 2.1, 2.12]"
S2,CH3O,457,-585.495581,-1.3933,406131.4,True,52,1.684,unknown,"[1.12, 1.12, 1.22, 1.9, 2.05, 2.05, 2.69, 3.14, 3.3, 3.94]"
S2,CH3O,138,-585.472344,-1.37,429367.7,True,88,1.68,unknown,"[1.12, 1.12, 1.22, 1.9, 2.05, 2.05, 2.87, 3.23, 3.46, 3.9]"
S2,CH3O,473,-585.420023,-1.3177,481689.1,True,82,2.83,atop,"[1.11, 1.11, 1.11, 1.41, 1.8, 1.8, 1.8, 2.01, 2.11, 2.11]"
S2,CH3O,264,-585.419801,-1.3175,481911.4,True,89,2.042,unknown,"[1.11, 1.11, 1.11, 1.41, 1.8, 1.8, 1.81, 2.01, 2.11, 2.11]"
S2,CH3O,269,-585.419026,-1.3167,482686.5,True,92,2.045,unknown,"[1.11, 1.11, 1.11, 1.41, 1.8, 1.8, 1.8, 2.01, 2.12, 2.12]"
S2,CH3O,471,-585.418659,-1.3163,483052.9,True,82,2.895,atop,"[1.11, 1.11, 1.11, 1.41, 1.8, 1.8, 1.8, 2.01, 2.1, 2.12]"
S2,CH3O,456,-585.416647,-1.3143,485065.4,True,73,2.765,atop,"[1.11, 1.11, 1.11, 1.41, 1.8, 1.8, 1.8, 2.01, 2.11, 2.12]"
S2,CH3O,30,-585.414424,-1.3121,487288.2,True,73,2.041,unknown,"[1.11, 1.11, 1.11, 1.41, 1.8, 1.8, 1.8, 2.01, 2.11, 2.11]"
S2,CH3O,55,-585.414145,-1.3118,487567.1,True,47,2.049,unknown,"[1.11, 1.11, 1.11, 1.41, 1.8, 1.8, 1.8, 2.01, 2.11, 2.12]"
S2,CH3O,38,-585.413155,-1.3108,488557.1,True,88,2.045,unknown,"[1.11, 1.11, 1.11, 1.41, 1.8, 1.8, 1.81, 2.01, 2.11, 2.12]"
S2,CH3O,287,-585.412694,-1.3104,489018.5,True,83,2.042,unknown,"[1.11, 1.11, 1.11, 1.41, 1.8, 1.8, 1.81, 2.01, 2.11, 2.11]"
S2,CH3O,32,-585.412325,-1.31,489387.5,True,63,2.042,unknown,"[1.11, 1.11, 1.11, 1.41, 1.8, 1.81, 1.81, 2.01, 2.11, 2.11]"
S2,CH3O,238,-585.408241,-1.3059,493471.2,True,65,2.043,unknown,"[1.11, 1.11, 1.11, 1.41, 1.8, 1.8, 1.8, 2.02, 2.11, 2.12]"
S2,CH3O,247,-585.408119,-1.3058,493593.4,True,65,2.043,unknown,"[1.11, 1.11, 1.11, 1.41, 1.79, 1.8, 1.8, 2.02, 2.11, 2.12]"
S2,CH3O,302,-585.40506,-1.3027,496652.0,True,86,2.056,unknown,"[1.11, 1.11, 1.11, 1.41, 1.8, 1.8, 1.8, 2.02, 2.1, 2.12]"
S2,CH3O,3,-585.404764,-1.3024,496947.7,True,82,2.816,unknown,"[1.11, 1.11, 1.13, 1.4, 1.8, 1.81, 1.81, 2.01, 2.11, 2.11]"
S2,CH3O,227,-585.403983,-1.3017,497729.4,True,60,2.049,unknown,"[1.11, 1.11, 1.12, 1.41, 1.8, 1.8, 1.81, 2.02, 2.1, 2.12]"
S2,CH3O,281,-585.403784,-1.3015,497928.2,True,58,2.046,unknown,"[1.11, 1.11, 1.11, 1.41, 1.8, 1.8, 1.8, 2.01, 2.11, 2.12]"
S2,CH3O,10,-585.403199,-1.3009,498512.8,True,60,2.041,unknown,"[1.11, 1.11, 1.11, 1.41, 1.8, 1.8, 1.8, 2.01, 2.11, 2.11]"
S2,CH3O,248,-585.400727,-1.2984,500985.3,True,39,2.055,unknown,"[1.11, 1.11, 1.11, 1.41, 1.8, 1.8, 1.81, 2.01, 2.11, 2.12]"
S2,CH3O,495,-585.400459,-1.2981,501253.5,True,62,2.372,unknown,"[1.11, 1.11, 1.13, 1.4, 1.8, 1.81, 1.81, 2.01, 2.11, 2.12]"
S2,CH3O,329,-585.400392,-1.2981,501320.0,True,100,2.04,unknown,"[1.11, 1.11, 1.11, 1.41, 1.79, 1.8, 1.81, 2.02, 2.11, 2.11]"
S2,CH3O,278,-585.399446,-1.2971,502266.0,True,66,2.055,unknown,"[1.11, 1.11, 1.13, 1.39, 1.8, 1.81, 1.81, 2.01, 2.11, 2.11]"
S2,CH3O,67,-585.399407,-1.2971,502305.6,True,94,2.061,unknown,"[1.11, 1.11, 1.13, 1.4, 1.79, 1.81, 1.81, 2.01, 2.11, 2.11]"
S2,CH3O,71,-585.397546,-1.2952,504165.9,True,61,2.051,unknown,"[1.11, 1.11, 1.12, 1.41, 1.8, 1.8, 1.81, 2.01, 2.11, 2.12]"
S2,CH3O,69,-585.38346,-1.2811,518252.3,True,67,2.047,unknown,"[1.11, 1.11, 1.12, 1.41, 1.79, 1.8, 1.8, 2.01, 2.11, 2.11]"
S2,CH3O,315,-585.382463,-1.2801,519249.0,True,64,2.051,unknown,"[1.11, 1.11, 1.12, 1.41, 1.79, 1.8, 1.81, 2.01, 2.11, 2.12]"
S2,CH3O,280,-585.381362,-1.279,520350.7,True,58,2.063,unknown,"[1.11, 1.11, 1.14, 1.39, 1.79, 1.81, 1.82, 2.01, 2.11, 2.12]"
S2,CH3O,68,-585.380949,-1.2786,520762.9,True,60,2.058,unknown,"[1.11, 1.11, 1.13, 1.39, 1.79, 1.81, 1.81, 2.01, 2.11, 2.12]"
S2,CH3O,310,-585.380372,-1.278,521340.3,True,99,2.059,unknown,"[1.11, 1.11, 1.14, 1.39, 1.79, 1.81, 1.81, 2.01, 2.11, 2.11]"
S2,CH3O,50,-585.379873,-1.2775,521839.0,True,66,2.05,unknown,"[1.11, 1.11, 1.11, 1.41, 1.8, 1.8, 1.8, 2.03, 2.1, 2.12]"
S2,CH3O,323,-585.379612,-1.2773,522099.7,True,57,2.06,unknown,"[1.11, 1.11, 1.14, 1.39, 1.8, 1.81, 1.81, 2.01, 2.11, 2.12]"
S2,CH3O,56,-585.377625,-1.2753,524087.5,True,60,2.056,unknown,"[1.11, 1.11, 1.13, 1.39, 1.8, 1.81, 1.81, 2.01, 2.11, 2.11]"
S2,CH3O,316,-585.377079,-1.2747,524633.0,True,51,2.077,unknown,"[1.11, 1.11, 1.11, 1.41, 1.8, 1.8, 1.81, 2.02, 2.1, 2.11]"
S2,CH3O,54,-585.376093,-1.2738,525619.4,True,96,2.068,unknown,"[1.11, 1.11, 1.15, 1.38, 1.79, 1.81, 1.82, 2.01, 2.11, 2.12]"
S2,CH3O,66,-585.37606,-1.2737,525652.1,True,65,2.051,unknown,"[1.11, 1.11, 1.12, 1.4, 1.79, 1.8, 1.81, 2.01, 2.11, 2.11]"
S2,CH3O,226,-585.372544,-1.2702,529167.7,True,81,2.062,unknown,"[1.11, 1.11, 1.14, 1.39, 1.79, 1.81, 1.82, 2.0, 2.11, 2.12]"
S2,CH3O,262,-585.372086,-1.2698,529626.2,True,58,2.062,unknown,"[1.11, 1.11, 1.14, 1.39, 1.79, 1.81, 1.82, 2.01, 2.11, 2.12]"
S2,CH3O,321,-585.37067,-1.2683,531041.9,True,66,2.05,unknown,"[1.11, 1.11, 1.12, 1.4, 1.8, 1.8, 1.81, 2.0, 2.11, 2.11]"
S2,CH3O,70,-585.365161,-1.2628,536551.3,True,51,2.093,unknown,"[1.11, 1.11, 1.11, 1.41, 1.8, 1.8, 1.81, 2.02, 2.1, 2.11]"
S2,CH3O,115,-585.35845,-1.2561,543262.6,True,100,2.047,unknown,"[1.11, 1.11, 1.11, 1.41, 1.8, 1.8, 1.81, 2.01, 2.11, 2.11]"
S2,CH3O,182,-585.356541,-1.2542,545171.4,True,47,2.049,unknown,"[1.11, 1.11, 1.11, 1.42, 1.8, 1.8, 1.8, 2.01, 2.11, 2.11]"
S2,CH3O,400,-585.355731,-1.2534,545981.1,True,96,2.045,unknown,"[1.11, 1.11, 1.11, 1.41, 1.8, 1.81, 1.81, 2.01, 2.11, 2.11]"
S2,CH3O,176,-585.355583,-1.2533,546129.6,True,46,2.049,unknown,"[1.11, 1.11, 1.11, 1.42, 1.8, 1.8, 1.81, 2.02, 2.11, 2.11]"
S2,CH3O,396,-585.354363,-1.252,547348.7,True,87,2.046,unknown,"[1.11, 1.11, 1.11, 1.42, 1.79, 1.8, 1.81, 2.01, 2.11, 2.11]"
S2,CH3O,124,-585.353581,-1.2513,548130.9,True,95,2.045,unknown,"[1.11, 1.11, 1.11, 1.42, 1.8, 1.8, 1.81, 2.01, 2.11, 2.11]"
S2,CH3O,283,-585.353174,-1.2508,548538.7,True,47,2.051,unknown,"[1.11, 1.11, 1.12, 1.41, 1.79, 1.8, 1.8, 2.02, 2.1, 2.12]"
S2,CH3O,411,-585.350097,-1.2478,551615.6,True,68,2.053,unknown,"[1.11, 1.11, 1.11, 1.41, 1.8, 1.8, 1.81, 2.01, 2.11, 2.12]"
S2,CH3O,416,-585.349488,-1.2472,552224.1,True,85,2.045,unknown,"[1.11, 1.11, 1.11, 1.41, 1.8, 1.8, 1.81, 2.01, 2.11, 2.11]"
S2,CH3O,147,-585.349077,-1.2467,552635.7,True,61,2.046,unknown,"[1.11, 1.11, 1.11, 1.42, 1.8, 1.8, 1.81, 2.01, 2.12, 2.12]"
S2,CH3O,155,-585.348229,-1.2459,553483.3,True,86,2.045,unknown,"[1.11, 1.11, 1.11, 1.41, 1.79, 1.81, 1.81, 2.01, 2.11, 2.12]"
S2,CH3O,442,-585.346606,-1.2443,555106.6,True,52,2.718,unknown,"[1.11, 1.11, 1.11, 1.41, 1.8, 1.8, 1.8, 2.01, 2.11, 2.11]"
S2,CH3O,153,-585.344113,-1.2418,557598.9,True,116,2.045,unknown,"[1.11, 1.11, 1.11, 1.41, 1.8, 1.8, 1.8, 2.01, 2.11, 2.12]"
S2,CH3O,184,-585.343892,-1.2416,557820.3,True,48,2.728,unknown,"[1.11, 1.11, 1.11, 1.41, 1.8, 1.8, 1.8, 2.01, 2.11, 2.11]"
S2,CH3O,413,-585.343222,-1.2409,558489.8,True,94,2.05,unknown,"[1.11, 1.11, 1.11, 1.41, 1.8, 1.8, 1.81, 2.01, 2.11, 2.12]"
S2,CH3O,398,-585.338719,-1.2364,562993.7,True,68,2.049,unknown,"[1.11, 1.11, 1.11, 1.41, 1.8, 1.8, 1.81, 2.01, 2.12, 2.12]"
S2,CH3O,435,-585.333946,-1.2316,567766.2,True,51,2.053,unknown,"[1.11, 1.11, 1.11, 1.41, 1.8, 1.8, 1.8, 2.0, 2.11, 2.12]"
S2,CH3O,399,-585.333492,-1.2312,568219.7,True,63,2.053,unknown,"[1.11, 1.11, 1.11, 1.41, 1.8, 1.8, 1.8, 2.01, 2.11, 2.12]"
S2,CH3O,377,-585.332833,-1.2305,568879.3,True,38,2.054,unknown,"[1.11, 1.11, 1.11, 1.41, 1.8, 1.8, 1.81, 2.01, 2.11, 2.12]"
S2,CH3O,132,-585.332262,-1.2299,569450.2,True,75,2.059,unknown,"[1.11, 1.11, 1.11, 1.41, 1.8, 1.8, 1.81, 2.02, 2.1, 2.12]"
S2,CH3O,174,-585.33106,-1.2287,570652.2,True,47,2.059,unknown,"[1.11, 1.11, 1.11, 1.41, 1.8, 1.8, 1.8, 2.01, 2.12, 2.12]"
S2,CH3O,382,-585.330567,-1.2282,571145.1,True,39,2.704,unknown,"[1.11, 1.11, 1.11, 1.41, 1.8, 1.8, 1.81, 2.01, 2.1, 2.12]"
S2,CH3O,362,-585.327897,-1.2256,573814.8,True,64,2.062,unknown,"[1.11, 1.11, 1.12, 1.41, 1.8, 1.8, 1.81, 2.02, 2.11, 2.12]"
S2,CH3O,356,-585.326893,-1.2246,574819.3,True,64,2.062,unknown,"[1.11, 1.11, 1.12, 1.41, 1.8, 1.8, 1.81, 2.02, 2.1, 2.12]"
S2,CH3O,121,-585.325311,-1.223,576401.6,True,40,2.063,unknown,"[1.11, 1.11, 1.11, 1.41, 1.8, 1.8, 1.8, 2.01, 2.1, 2.12]"
S2,CH3O,194,-585.315842,-1.2135,585870.7,True,61,2.065,unknown,"[1.11, 1.11, 1.13, 1.4, 1.8, 1.81, 1.81, 2.01, 2.11, 2.11]"
S2,CH3O,452,-585.315181,-1.2129,586531.5,True,60,2.065,unknown,"[1.11, 1.11, 1.13, 1.4, 1.79, 1.81, 1.81, 2.01, 2.11, 2.11]"
S2,CH3O,446,-585.314964,-1.2126,586748.0,True,60,2.064,unknown,"[1.11, 1.11, 1.13, 1.4, 1.79, 1.81, 1.81, 2.01, 2.11, 2.11]"
S2,CH3O,370,-585.314155,-1.2118,587556.8,True,63,2.064,unknown,"[1.11, 1.11, 1.14, 1.39, 1.8, 1.81, 1.81, 2.01, 2.11, 2.12]"
S2,CH3O,187,-585.313911,-1.2116,587801.1,True,86,2.06,unknown,"[1.11, 1.11, 1.12, 1.41, 1.8, 1.8, 1.81, 2.0, 2.11, 2.12]"
S2,CH3O,211,-585.313569,-1.2112,588143.4,True,75,2.054,unknown,"[1.11, 1.11, 1.12, 1.41, 1.8, 1.8, 1.81, 2.01, 2.11, 2.11]"
S2,CH3O,185,-585.313411,-1.2111,588300.9,True,60,2.371,unknown,"[1.11, 1.11, 1.13, 1.4, 1.8, 1.81, 1.81, 2.01, 2.11, 2.11]"
S2,CH3O,431,-585.313016,-1.2107,588695.8,True,60,2.069,unknown,"[1.11, 1.11, 1.14, 1.39, 1.79, 1.81, 1.82, 2.0, 2.11, 2.12]"
S2,CH3O,111,-585.312734,-1.2104,588977.8,True,69,2.282,unknown,"[1.11, 1.11, 1.13, 1.39, 1.79, 1.81, 1.81, 2.0, 2.12, 2.12]"
S2,CH3O,445,-585.312369,-1.21,589343.0,True,90,2.062,unknown,"[1.11, 1.11, 1.12, 1.41, 1.79, 1.81, 1.81, 2.0, 2.11, 2.12]"
S2,CH3O,363,-585.312366,-1.21,589345.9,True,68,2.276,unknown,"[1.11, 1.11, 1.13, 1.39, 1.79, 1.81, 1.81, 2.01, 2.12, 2.12]"
S2,CH3O,357,-585.311958,-1.2096,589754.2,True,67,2.064,unknown,"[1.11, 1.11, 1.13, 1.39, 1.79, 1.81, 1.81, 2.01, 2.11, 2.12]"
S2,CH3O,193,-585.310327,-1.208,591384.9,True,82,2.061,unknown,"[1.11, 1.11, 1.12, 1.41, 1.79, 1.8, 1.81, 2.0, 2.11, 2.12]"
S2,CH3O,183,-585.30893,-1.2066,592781.9,True,109,2.153,unknown,"[1.11, 1.11, 1.14, 1.39, 1.79, 1.81, 1.82, 2.01, 2.11, 2.12]"
S2,CH3O,149,-585.308929,-1.2066,592783.4,True,47,2.058,unknown,"[1.11, 1.11, 1.12, 1.41, 1.79, 1.8, 1.81, 2.01, 2.12, 2.12]"
S2,CH3O,368,-585.307566,-1.2052,594146.3,True,72,2.071,unknown,"[1.11, 1.11, 1.13, 1.39, 1.79, 1.81, 1.81, 2.0, 2.11, 2.12]"
S2,CH3O,192,-585.306313,-1.204,595398.9,True,62,2.055,unknown,"[1.11, 1.11, 1.12, 1.4, 1.8, 1.8, 1.82, 2.01, 2.11, 2.11]"
S2,CH3O,166,-585.305067,-1.2027,596645.0,True,48,2.068,unknown,"[1.11, 1.11, 1.13, 1.39, 1.8, 1.81, 1.81, 2.01, 2.11, 2.12]"
S2,CH3O,339,-585.304851,-1.2025,596861.1,True,65,2.062,unknown,"[1.11, 1.11, 1.13, 1.39, 1.8, 1.81, 1.81, 2.01, 2.11, 2.11]"
S2,CH3O,450,-585.304812,-1.2025,596900.0,True,61,2.054,unknown,"[1.11, 1.11, 1.12, 1.4, 1.8, 1.8, 1.81, 2.01, 2.11, 2.11]"
S2,CH3O,397,-585.303829,-1.2015,597883.6,True,46,2.078,unknown,"[1.11, 1.11, 1.11, 1.41, 1.8, 1.8, 1.81, 2.01, 2.11, 2.12]"
S2,CH3O,223,-585.302121,-1.1998,599591.3,True,100,2.236,unknown,"[1.11, 1.11, 1.13, 1.39, 1.79, 1.81, 1.81, 2.01, 2.11, 2.12]"
S2,CH3O,451,-585.299215,-1.1969,602497.0,True,84,2.071,unknown,"[1.11, 1.11, 1.14, 1.39, 1.79, 1.81, 1.82, 2.0, 2.11, 2.12]"
S2,CH3O,136,-585.297844,-1.1955,603868.4,True,41,2.055,unknown,"[1.11, 1.11, 1.12, 1.41, 1.79, 1.8, 1.81, 2.01, 2.11, 2.11]"
S2,CH3O,415,-585.297774,-1.1954,603937.7,True,46,2.058,unknown,"[1.11, 1.11, 1.11, 1.41, 1.79, 1.8, 1.81, 2.01, 2.1, 2.12]"
S2,CH3O,154,-585.294705,-1.1924,607006.9,True,51,2.053,unknown,"[1.11, 1.11, 1.12, 1.41, 1.8, 1.8, 1.81, 2.01, 2.1, 2.12]"
S2,CH3O,31,-585.293117,-1.1908,608595.3,True,36,2.073,unknown,"[1.11, 1.13, 1.13, 1.37, 1.8, 1.8, 1.81, 2.01, 2.1, 2.11]"
S2,CH3O,6,-585.290982,-1.1887,610730.3,True,35,2.07,unknown,"[1.11, 1.13, 1.13, 1.38, 1.8, 1.81, 1.81, 2.01, 2.11, 2.11]"
S2,CH3O,326,-585.290247,-1.1879,611465.3,True,58,2.11,unknown,"[1.11, 1.12, 1.15, 1.37, 1.79, 1.8, 1.82, 2.01, 2.11, 2.12]"
S2,CH3O,237,-585.289738,-1.1874,611973.9,True,72,2.081,unknown,"[1.11, 1.12, 1.14, 1.37, 1.79, 1.8, 1.82, 2.01, 2.1, 2.12]"
S2,CH3O,133,-585.289675,-1.1873,612037.5,True,47,2.057,unknown,"[1.11, 1.11, 1.12, 1.41, 1.79, 1.8, 1.81, 2.02, 2.1, 2.12]"
S2,CH3O,320,-585.28838,-1.186,613332.5,True,58,2.075,unknown,"[1.11, 1.12, 1.15, 1.38, 1.79, 1.8, 1.82, 2.01, 2.11, 2.12]"
S2,CH3O,246,-585.288212,-1.1859,613500.6,True,73,2.08,unknown,"[1.11, 1.12, 1.14, 1.37, 1.79, 1.8, 1.81, 2.01, 2.1, 2.12]"
S2,CH3O,152,-585.28789,-1.1856,613822.1,True,42,2.054,unknown,"[1.11, 1.11, 1.12, 1.41, 1.79, 1.81, 1.81, 2.02, 2.1, 2.12]"
S2,CH3O,9,-585.287121,-1.1848,614591.0,True,70,2.079,unknown,"[1.11, 1.12, 1.14, 1.38, 1.79, 1.81, 1.82, 2.01, 2.11, 2.12]"
S2,CH3O,469,-585.286992,-1.1847,614720.2,True,43,2.13,unknown,"[1.11, 1.13, 1.14, 1.37, 1.8, 1.81, 1.81, 2.01, 2.11, 2.11]"
S2,CH3O,484,-585.286574,-1.1842,615137.7,True,64,2.777,unknown,"[1.11, 1.12, 1.13, 1.39, 1.8, 1.81, 1.81, 2.0, 2.1, 2.12]"
S2,CH3O,401,-585.286467,-1.1841,615244.7,True,47,2.056,unknown,"[1.11, 1.11, 1.11, 1.41, 1.79, 1.8, 1.81, 2.03, 2.1, 2.13]"
S2,CH3O,72,-585.285015,-1.1827,616696.8,True,50,2.061,unknown,"[1.11, 1.12, 1.13, 1.38, 1.8, 1.8, 1.81, 2.0, 2.11, 2.12]"
S2,CH3O,303,-585.283017,-1.1807,618694.7,True,59,2.075,unknown,"[1.11, 1.12, 1.15, 1.38, 1.79, 1.81, 1.82, 2.01, 2.1, 2.12]"
S2,CH3O,318,-585.282397,-1.1801,619315.1,True,47,2.067,unknown,"[1.11, 1.12, 1.13, 1.39, 1.8, 1.81, 1.81, 2.0, 2.11, 2.11]"
S2,CH3O,75,-585.282349,-1.18,619363.0,True,47,2.369,unknown,"[1.11, 1.12, 1.13, 1.39, 1.8, 1.81, 1.81, 2.01, 2.11, 2.11]"
S2,CH3O,232,-585.282163,-1.1798,619548.8,True,40,2.083,unknown,"[1.11, 1.12, 1.14, 1.38, 1.79, 1.8, 1.82, 2.01, 2.1, 2.12]"
S2,CH3O,487,-585.279902,-1.1776,621809.8,True,38,2.82,unknown,"[1.11, 1.12, 1.14, 1.38, 1.79, 1.8, 1.82, 2.02, 2.1, 2.12]"
S2,CH3O,305,-585.279377,-1.177,622335.0,True,48,2.078,unknown,"[1.11, 1.11, 1.14, 1.38, 1.79, 1.8, 1.82, 2.01, 2.11, 2.12]"
S2,CH3O,493,-585.27766,-1.1753,624051.9,True,34,2.158,unknown,"[1.11, 1.12, 1.14, 1.37, 1.8, 1.8, 1.81, 2.02, 2.1, 2.12]"
S2,CH3O,308,-585.272031,-1.1697,629681.3,True,46,2.07,unknown,"[1.11, 1.12, 1.13, 1.38, 1.8, 1.81, 1.81, 2.01, 2.11, 2.12]"
S2,CH3O,139,-585.271924,-1.1696,629788.7,True,101,2.113,unknown,"[1.11, 1.11, 1.11, 1.41, 1.79, 1.8, 1.8, 2.03, 2.09, 2.12]"
S2,CH3O,34,-585.25602,-1.1537,645692.0,True,66,2.064,unknown,"[1.11, 1.12, 1.12, 1.39, 1.8, 1.8, 1.81, 2.0, 2.1, 2.11]"
S2,CH3O,268,-585.253659,-1.1513,648053.1,True,83,2.058,unknown,"[1.11, 1.12, 1.12, 1.4, 1.79, 1.8, 1.81, 2.01, 2.11, 2.12]"
S2,CH3O,265,-585.253017,-1.1507,648694.8,True,66,2.061,unknown,"[1.11, 1.12, 1.12, 1.4, 1.79, 1.8, 1.81, 2.01, 2.1, 2.12]"
S2,CH3O,366,-585.223962,-1.1216,677750.4,True,39,2.088,unknown,"[1.11, 1.12, 1.14, 1.38, 1.8, 1.81, 1.82, 2.01, 2.11, 2.11]"
S2,CH3O,134,-585.222597,-1.1203,679115.2,True,66,2.087,unknown,"[1.11, 1.12, 1.15, 1.38, 1.79, 1.81, 1.82, 2.01, 2.1, 2.12]"
S2,CH3O,361,-585.218458,-1.1161,683254.7,True,40,2.086,unknown,"[1.11, 1.12, 1.15, 1.37, 1.79, 1.81, 1.82, 2.01, 2.1, 2.12]"
S2,CH3O,189,-585.217582,-1.1153,684129.9,True,48,2.085,unknown,"[1.11, 1.13, 1.14, 1.38, 1.8, 1.81, 1.82, 2.01, 2.11, 2.11]"
S2,CH3O,443,-585.217264,-1.1149,684448.2,True,60,2.268,unknown,"[1.11, 1.12, 1.13, 1.38, 1.8, 1.8, 1.81, 2.01, 2.11, 2.11]"
S2,CH3O,447,-585.217075,-1.1147,684637.6,True,48,2.084,unknown,"[1.11, 1.13, 1.13, 1.38, 1.81, 1.81, 1.82, 2.01, 2.11, 2.11]"
S2,CH3O,103,-585.214397,-1.1121,687315.7,True,38,2.097,unknown,"[1.11, 1.12, 1.15, 1.37, 1.79, 1.81, 1.82, 2.01, 2.11, 2.12]"
S2,CH3O,191,-585.214026,-1.1117,687686.0,True,64,2.083,unknown,"[1.11, 1.12, 1.13, 1.38, 1.8, 1.8, 1.81, 2.01, 2.1, 2.12]"
S2,CH3O,167,-585.213378,-1.111,688334.6,True,56,2.085,unknown,"[1.11, 1.13, 1.14, 1.37, 1.8, 1.81, 1.81, 2.01, 2.11, 2.11]"
S2,CH3O,380,-585.212406,-1.1101,689305.7,True,48,2.174,unknown,"[1.11, 1.12, 1.14, 1.38, 1.8, 1.8, 1.82, 2.01, 2.11, 2.11]"
S2,CH3O,412,-585.212197,-1.1099,689514.9,True,37,2.105,unknown,"[1.11, 1.14, 1.14, 1.36, 1.81, 1.81, 1.81, 2.01, 2.11, 2.11]"
S2,CH3O,177,-585.207369,-1.105,694342.9,True,60,2.081,unknown,"[1.11, 1.12, 1.14, 1.38, 1.8, 1.8, 1.81, 2.01, 2.11, 2.12]"
S2,CH3O,432,-585.205504,-1.1032,696207.8,True,60,2.081,unknown,"[1.11, 1.12, 1.14, 1.38, 1.8, 1.8, 1.82, 2.01, 2.1, 2.12]"
S2,CH3O,441,-585.204759,-1.1024,696953.6,True,60,2.198,unknown,"[1.11, 1.12, 1.14, 1.38, 1.8, 1.8, 1.82, 2.01, 2.1, 2.12]"
S2,CH3O,179,-585.193263,-1.0909,708448.8,True,52,2.08,unknown,"[1.11, 1.12, 1.13, 1.38, 1.79, 1.8, 1.81, 2.01, 2.11, 2.12]"
S2,CH3O,114,-585.190843,-1.0885,710869.0,True,69,2.066,unknown,"[1.11, 1.12, 1.12, 1.4, 1.8, 1.81, 1.81, 2.01, 2.1, 2.12]"
S2,CH3O,123,-585.187961,-1.0856,713751.3,True,70,2.065,unknown,"[1.11, 1.12, 1.12, 1.4, 1.79, 1.81, 1.81, 2.01, 2.1, 2.12]"
S2,CH3O,375,-585.18656,-1.0842,715152.4,True,70,2.062,unknown,"[1.11, 1.11, 1.12, 1.4, 1.79, 1.8, 1.81, 2.01, 2.1, 2.12]"
S2,CH3O,386,-585.117899,-1.0156,783813.0,True,63,1.537,unknown,"[1.12, 1.13, 1.22, 1.91, 2.05, 2.05, 2.67, 2.78, 2.82, 3.62]"
S2,CH3O,392,-585.11519,-1.0129,786522.6,True,58,1.538,unknown,"[1.12, 1.13, 1.22, 1.9, 2.05, 2.05, 2.62, 2.74, 2.8, 3.64]"
S2,CH3O,293,-585.096658,-0.9943,805054.6,True,54,1.536,unknown,"[1.12, 1.12, 1.22, 1.9, 2.05, 2.05, 2.46, 2.75, 2.85, 3.85]"
S2,CH3O,210,-585.090422,-0.9881,811290.1,True,61,1.539,unknown,"[1.12, 1.12, 1.22, 1.9, 2.05, 2.05, 2.45, 2.74, 2.76, 3.66]"
S2,CH3O,140,-585.016818,-0.9145,884894.0,True,98,1.541,unknown,"[1.12, 1.12, 1.22, 1.9, 2.05, 2.05, 2.58, 2.74, 2.77, 3.59]"
S2,CH3O,78,-584.990794,-0.8885,910917.8,True,64,1.542,unknown,"[1.12, 1.12, 1.22, 1.9, 2.05, 2.05, 2.36, 2.49, 2.66, 3.68]"
S2,CH3O,342,-584.989618,-0.8873,912093.8,True,62,1.544,unknown,"[1.12, 1.12, 1.22, 1.9, 2.05, 2.05, 2.34, 2.48, 2.61, 3.6]"
S2,CH3O,472,-584.838364,-0.736,1063348.3,True,48,2.549,unknown,"[1.12, 1.12, 1.22, 1.91, 2.05, 2.05, 2.27, 2.36, 2.44, 3.14]"
S2,CH3O,343,-584.82282,-0.7205,1078892.5,True,90,1.546,unknown,"[1.12, 1.12, 1.22, 1.9, 2.05, 2.05, 2.36, 2.56, 2.7, 3.73]"
S2,CH3O,79,-584.804651,-0.7023,1097060.8,True,98,1.558,unknown,"[1.12, 1.12, 1.22, 1.9, 2.05, 2.05, 2.44, 2.47, 2.6, 3.52]"
S2,CH3O,327,-584.280034,-0.1777,1621678.7,True,47,2.268,unknown,"[1.12, 1.12, 1.13, 1.37, 1.8, 1.8, 1.82, 2.03, 2.08, 2.09]"
S2,CH3O,92,-584.270656,-0.1683,1631056.0,True,41,2.315,atop,"[1.12, 1.12, 1.14, 1.36, 1.79, 1.8, 1.81, 2.05, 2.08, 2.09]"
S2,CH3O,91,-584.265055,-0.1627,1636657.1,True,46,2.337,unknown,"[1.12, 1.12, 1.13, 1.37, 1.79, 1.8, 1.82, 2.04, 2.08, 2.09]"
S2,CH3O,198,-584.26483,-0.1625,1636882.7,True,56,2.285,unknown,"[1.12, 1.12, 1.13, 1.37, 1.79, 1.8, 1.81, 2.03, 2.09, 2.09]"
S2,CH3O,200,-584.255922,-0.1536,1645790.1,True,56,2.25,unknown,"[1.12, 1.12, 1.12, 1.37, 1.8, 1.8, 1.81, 2.03, 2.09, 2.09]"
S2,CH3O,90,-584.248263,-0.1459,1653449.1,True,42,1.538,unknown,"[1.1, 1.1, 1.11, 1.44, 1.8, 1.8, 1.82, 2.0, 2.11, 2.12]"
S3,CO,123,-687.949934,-0.3313,0.0,True,40,2.458,atop,[1.15]
S3,CO,22,-687.944991,-0.3263,4943.3,True,31,2.462,atop,[1.15]
S3,CO,42,-687.934433,-0.3158,15501.4,True,60,2.463,atop,[1.15]
S3,CO,49,-687.921775,-0.3031,28159.3,True,38,2.487,atop,[1.15]
S3,CO,40,-687.914933,-0.2963,35000.9,True,50,3.197,atop,[1.15]
S3,CO,20,-687.862962,-0.2443,86972.5,True,34,2.971,bridge,[1.15]
S3,CO,128,-687.854959,-0.2363,94975.0,True,27,3.086,bridge,[1.15]
S3,CO,76,-687.844973,-0.2263,104961.5,True,30,3.157,bridge,[1.15]
S3,CO,6,-687.83432,-0.2157,115614.4,True,23,4.375,hollow,[1.15]
S3,CO,96,-687.824197,-0.2055,125737.2,True,24,3.1,bridge,[1.15]
S3,CH3O,315,-698.627029,-1.2174,0.0,True,67,2.789,unknown,"[1.11, 1.11, 1.11, 1.41, 1.8, 1.81, 1.81, 1.99, 2.11, 2.11]"
S3,CH3O,369,-698.626681,-1.217,348.1,True,63,1.998,unknown,"[1.11, 1.11, 1.11, 1.41, 1.8, 1.8, 1.81, 1.99, 2.11, 2.12]"
S3,CH3O,117,-698.626564,-1.2169,465.4,True,63,1.998,unknown,"[1.11, 1.11, 1.11, 1.41, 1.81, 1.81, 1.81, 1.99, 2.11, 2.11]"
S3,CH3O,164,-698.625908,-1.2163,1121.0,True,86,1.995,unknown,"[1.11, 1.11, 1.11, 1.41, 1.8, 1.8, 1.81, 1.99, 2.11, 2.11]"
S3,CH3O,143,-698.624384,-1.2147,2644.9,True,54,1.997,unknown,"[1.11, 1.11, 1.11, 1.41, 1.8, 1.81, 1.81, 2.0, 2.11, 2.11]"
S3,CH3O,66,-698.62415,-1.2145,2879.6,True,62,1.997,unknown,"[1.11, 1.11, 1.11, 1.41, 1.8, 1.8, 1.81, 1.99, 2.11, 2.12]"
S3,CH3O,126,-698.624081,-1.2144,2948.3,True,84,2.455,atop,"[1.11, 1.11, 1.11, 1.41, 1.8, 1.8, 1.81, 1.99, 2.11, 2.11]"
S3,CH3O,38,-698.623752,-1.2141,3277.2,True,56,1.996,unknown,"[1.11, 1.11, 1.11, 1.41, 1.8, 1.8, 1.81, 2.0, 2.11, 2.11]"
S3,CH3O,21,-698.623632,-1.214,3397.3,True,89,2.475,unknown,"[1.11, 1.11, 1.11, 1.41, 1.8, 1.81, 1.81, 1.99, 2.11, 2.11]"
S3,CH3O,142,-698.62283,-1.2132,4198.8,True,74,1.993,unknown,"[1.11, 1.11, 1.11, 1.41, 1.81, 1.81, 1.81, 1.99, 2.11, 2.12]"
S3,CH3O,60,-698.62256,-1.2129,4468.8,True,72,2.449,unknown,"[1.11, 1.11, 1.11, 1.42, 1.81, 1.81, 1.81, 2.0, 2.11, 2.11]"
S3,CH3O,264,-698.62219,-1.2125,4839.3,True,73,1.997,unknown,"[1.11, 1.11, 1.11, 1.41, 1.81, 1.81, 1.81, 1.99, 2.11, 2.11]"
S3,CH3O,360,-698.621472,-1.2118,5557.0,True,84,1.997,unknown,"[1.11, 1.11, 1.11, 1.41, 1.81, 1.81, 1.81, 2.0, 2.11, 2.11]"
S3,CH3O,245,-698.620996,-1.2113,6033.2,True,57,1.995,unknown,"[1.11, 1.11, 1.11, 1.41, 1.8, 1.81, 1.81, 2.0, 2.11, 2.12]"
S3,CH3O,59,-698.62021,-1.2106,6818.7,True,58,2.481,unknown,"[1.11, 1.11, 1.11, 1.41, 1.8, 1.81, 1.81, 1.99, 2.11, 2.12]"
S3,CH3O,260,-698.61993,-1.2103,7099.3,True,55,2.001,unknown,"[1.11, 1.11, 1.11, 1.41, 1.8, 1.8, 1.8, 2.0, 2.11, 2.12]"
S3,CH3O,335,-698.619589,-1.2099,7440.5,True,89,2.445,atop,"[1.11, 1.11, 1.11, 1.42, 1.8, 1.8, 1.81, 1.99, 2.11, 2.12]"
S3,CH3O,42,-698.618536,-1.2089,8493.0,True,63,1.995,unknown,"[1.11, 1.11, 1.11, 1.41, 1.8, 1.8, 1.8, 1.99, 2.11, 2.12]"
S3,CH3O,130,-698.617463,-1.2078,9566.6,True,29,2.0,unknown,"[1.11, 1.11, 1.11, 1.42, 1.81, 1.81, 1.81, 1.99, 2.11, 2.11]"
S3,CH3O,169,-698.617346,-1.2077,9683.1,True,55,2.001,unknown,"[1.11, 1.11, 1.11, 1.42, 1.8, 1.8, 1.81, 2.0, 2.11, 2.12]"
S3,CH3O,218,-698.616625,-1.207,10404.1,True,70,1.994,unknown,"[1.11, 1.11, 1.11, 1.41, 1.8, 1.81, 1.81, 1.98, 2.11, 2.12]"
S3,CH3O,344,-698.61586,-1.2062,11168.7,True,29,2.0,unknown,"[1.11, 1.11, 1.11, 1.42, 1.8, 1.81, 1.81, 1.99, 2.11, 2.11]"
S3,CH3O,150,-698.615787,-1.2061,11241.7,True,44,2.001,unknown,"[1.11, 1.11, 1.11, 1.41, 1.8, 1.8, 1.81, 1.99, 2.12, 2.12]"
S3,CH3O,255,-698.614981,-1.2053,12048.2,True,56,1.995,unknown,"[1.11, 1.11, 1.11, 1.41, 1.8, 1.81, 1.81, 2.0, 2.11, 2.11]"
S3,CH3O,184,-698.614289,-1.2046,12740.6,True,57,1.997,unknown,"[1.11, 1.11, 1.11, 1.41, 1.8, 1.81, 1.81, 1.99, 2.11, 2.12]"
S3,CH3O,224,-698.614206,-1.2045,12823.1,True,34,1.991,unknown,"[1.11, 1.11, 1.11, 1.41, 1.81, 1.81, 1.81, 1.99, 2.11, 2.12]"
S3,CH3O,137,-698.613842,-1.2042,13187.5,True,73,1.992,unknown,"[1.11, 1.11, 1.11, 1.41, 1.81, 1.81, 1.81, 1.98, 2.11, 2.11]"
S3,CH3O,161,-698.613744,-1.2041,13285.3,True,50,2.578,atop,"[1.11, 1.11, 1.11, 1.42, 1.8, 1.8, 1.8, 2.0, 2.11, 2.12]"
S3,CH3O,322,-698.61347,-1.2038,13559.1,True,48,2.001,unknown,"[1.11, 1.11, 1.11, 1.42, 1.8, 1.81, 1.81, 2.0, 2.11, 2.12]"
S3,CH3O,326,-698.613334,-1.2037,13695.4,True,33,1.99,unknown,"[1.11, 1.11, 1.11, 1.41, 1.8, 1.8, 1.81, 1.99, 2.11, 2.12]"
S3,CH3O,248,-698.613246,-1.2036,13782.7,True,29,2.001,unknown,"[1.11, 1.11, 1.11, 1.42, 1.8, 1.81, 1.81, 1.99, 2.11, 2.11]"
S3,CH3O,380,-698.612782,-1.2031,14247.2,True,36,1.997,unknown,"[1.11, 1.11, 1.11, 1.41, 1.8, 1.8, 1.81, 2.0, 2.11, 2.12]"
S3,CH3O,205,-698.612494,-1.2028,14535.6,True,51,1.998,unknown,"[1.11, 1.11, 1.11, 1.42, 1.8, 1.8, 1.81, 2.0, 2.11, 2.12]"
S3,CH3O,370,-698.611756,-1.2021,15273.4,True,57,1.997,unknown,"[1.11, 1.11, 1.11, 1.41, 1.8, 1.81, 1.81, 1.99, 2.12, 2.12]"
S3,CH3O,15,-698.611696,-1.202,15333.1,True,48,2.0,unknown,"[1.11, 1.11, 1.11, 1.42, 1.8, 1.81, 1.81, 1.99, 2.11, 2.12]"
S3,CH3O,198,-698.610129,-1.2005,16900.4,True,69,1.995,unknown,"[1.11, 1.11, 1.11, 1.41, 1.8, 1.8, 1.81, 1.99, 2.11, 2.11]"
S3,CH3O,211,-698.609495,-1.1998,17534.0,True,53,1.998,unknown,"[1.11, 1.11, 1.11, 1.41, 1.8, 1.81, 1.81, 1.99, 2.11, 2.11]"
S3,CH3O,313,-698.609172,-1.1995,17857.5,True,52,1.998,unknown,"[1.11, 1.11, 1.11, 1.41, 1.8, 1.81, 1.81, 2.0, 2.11, 2.12]"
S3,CH3O,247,-698.607207,-1.1975,19822.3,True,30,2.007,unknown,"[1.11, 1.11, 1.11, 1.42, 1.81, 1.81, 1.81, 2.0, 2.11, 2.11]"
S3,CH3O,23,-698.604929,-1.1953,22100.6,True,89,2.724,atop,"[1.11, 1.11, 1.11, 1.41, 1.8, 1.8, 1.81, 2.0, 2.11, 2.12]"
S3,CH3O,109,-698.604279,-1.1946,22750.4,True,38,2.741,bridge,"[1.11, 1.11, 1.11, 1.41, 1.8, 1.8, 1.81, 1.99, 2.11, 2.12]"
S3,CH3O,284,-698.604084,-1.1944,22945.6,True,46,1.999,unknown,"[1.11, 1.11, 1.11, 1.41, 1.8, 1.81, 1.81, 2.0, 2.11, 2.12]"
S3,CH3O,362,-698.603654,-1.194,23374.9,True,79,1.997,unknown,"[1.11, 1.11, 1.11, 1.41, 1.8, 1.81, 1.81, 1.99, 2.11, 2.11]"
S3,CH3O,10,-698.603538,-1.1939,23491.2,True,57,1.996,unknown,"[1.11, 1.11, 1.11, 1.41, 1.8, 1.81, 1.81, 1.98, 2.12, 2.12]"
S3,CH3O,201,-698.603436,-1.1938,23593.7,True,113,1.997,unknown,"[1.11, 1.11, 1.11, 1.41, 1.8, 1.81, 1.81, 1.99, 2.11, 2.12]"
S3,CH3O,269,-698.60327,-1.1936,23758.9,True,32,2.604,atop,"[1.11, 1.11, 1.11, 1.41, 1.8, 1.8, 1.81, 1.98, 2.11, 2.11]"
S3,CH3O,346,-698.603268,-1.1936,23760.8,True,66,1.996,unknown,"[1.11, 1.11, 1.11, 1.41, 1.8, 1.8, 1.81, 1.99, 2.11, 2.11]"
S3,CH3O,298,-698.602918,-1.1933,24111.7,True,72,1.995,unknown,"[1.11, 1.11, 1.11, 1.41, 1.8, 1.8, 1.8, 1.98, 2.12, 2.12]"
S3,CH3O,5,-698.60066,-1.191,26369.2,True,36,1.999,unknown,"[1.11, 1.11, 1.11, 1.41, 1.8, 1.8, 1.81, 2.0, 2.1, 2.12]"
S3,CH3O,378,-698.598947,-1.1893,28082.6,True,49,1.999,unknown,"[1.11, 1.11, 1.11, 1.41, 1.8, 1.8, 1.8, 1.99, 2.12, 2.12]"
S3,CH3O,395,-698.59781,-1.1882,29219.2,True,63,1.994,unknown,"[1.11, 1.11, 1.11, 1.41, 1.81, 1.81, 1.81, 1.99, 2.11, 2.11]"
S3,CH3O,213,-698.596323,-1.1867,30705.9,True,38,2.728,unknown,"[1.11, 1.11, 1.11, 1.41, 1.8, 1.81, 1.81, 1.98, 2.11, 2.11]"
S3,CH3O,374,-698.594733,-1.1851,32296.0,True,36,1.996,unknown,"[1.11, 1.11, 1.11, 1.41, 1.8, 1.8, 1.8, 1.99, 2.11, 2.12]"
S3,CH3O,283,-698.593698,-1.184,33330.7,True,32,1.997,unknown,"[1.11, 1.11, 1.11, 1.41, 1.8, 1.81, 1.81, 1.99, 2.11, 2.12]"
S3,CH3O,166,-698.593649,-1.184,33380.2,True,53,1.999,unknown,"[1.11, 1.11, 1.11, 1.41, 1.8, 1.8, 1.8, 1.99, 2.12, 2.12]"
S3,CH3O,136,-698.593262,-1.1836,33767.4,True,65,1.997,unknown,"[1.11, 1.11, 1.11, 1.41, 1.8, 1.81, 1.81, 1.99, 2.11, 2.11]"
S3,CH3O,172,-698.59201,-1.1824,35019.5,True,35,1.996,unknown,"[1.11, 1.11, 1.11, 1.41, 1.8, 1.8, 1.8, 1.99, 2.11, 2.11]"
S3,CH3O,242,-698.59195,-1.1823,35078.9,True,64,1.995,unknown,"[1.11, 1.11, 1.11, 1.41, 1.8, 1.81, 1.81, 2.0, 2.11, 2.12]"
S3,CH3O,115,-698.591373,-1.1817,35656.3,True,49,1.999,unknown,"[1.11, 1.11, 1.11, 1.41, 1.8, 1.8, 1.81, 1.99, 2.11, 2.12]"
S3,CH3O,25,-698.591268,-1.1816,35761.5,True,31,1.997,unknown,"[1.11, 1.11, 1.11, 1.41, 1.8, 1.8, 1.82, 1.98, 2.11, 2.11]"
S3,CH3O,129,-698.590661,-1.181,36368.0,True,39,2.001,unknown,"[1.11, 1.11, 1.11, 1.41, 1.8, 1.8, 1.81, 2.0, 2.12, 2.12]"
S3,CH3O,112,-698.590641,-1.181,36387.9,True,53,2.0,unknown,"[1.11, 1.11, 1.11, 1.41, 1.8, 1.8, 1.81, 1.99, 2.12, 2.12]"
S3,CH3O,131,-698.589666,-1.18,37363.3,True,33,1.996,unknown,"[1.11, 1.11, 1.11, 1.41, 1.8, 1.8, 1.81, 1.99, 2.11, 2.11]"
S3,CH3O,26,-698.588549,-1.1789,38480.5,True,31,1.999,unknown,"[1.11, 1.11, 1.11, 1.41, 1.8, 1.81, 1.82, 1.99, 2.11, 2.11]"
S3,CH3O,159,-698.586792,-1.1771,40237.0,True,54,2.586,atop,"[1.11, 1.11, 1.11, 1.41, 1.8, 1.81, 1.81, 1.98, 2.11, 2.12]"
S3,CH3O,354,-698.586092,-1.1764,40937.1,True,54,1.997,unknown,"[1.11, 1.11, 1.11, 1.41, 1.8, 1.8, 1.81, 1.98, 2.11, 2.12]"
S3,CH3O,113,-698.58499,-1.1753,42039.3,True,62,1.993,unknown,"[1.11, 1.11, 1.11, 1.41, 1.8, 1.8, 1.81, 1.98, 2.11, 2.12]"
S3,CH3O,57,-698.584976,-1.1753,42053.1,True,54,2.756,unknown,"[1.11, 1.11, 1.11, 1.41, 1.8, 1.81, 1.81, 1.99, 2.11, 2.12]"
S3,CH3O,372,-698.584965,-1.1753,42064.6,True,36,1.997,unknown,"[1.11, 1.11, 1.11, 1.41, 1.8, 1.8, 1.81, 1.99, 2.11, 2.11]"
S3,CH3O,383,-698.584797,-1.1751,42232.3,True,54,2.001,unknown,"[1.11, 1.11, 1.11, 1.41, 1.8, 1.8, 1.81, 1.99, 2.11, 2.12]"
S3,CH3O,106,-698.5847,-1.175,42328.7,True,58,1.996,unknown,"[1.11, 1.11, 1.11, 1.41, 1.8, 1.8, 1.82, 1.99, 2.11, 2.11]"
S3,CH3O,236,-698.584553,-1.1749,42476.3,True,49,2.581,atop,"[1.11, 1.11, 1.11, 1.41, 1.81, 1.81, 1.81, 1.99, 2.11, 2.12]"
S3,CH3O,81,-698.58333,-1.1737,43698.9,True,61,1.995,unknown,"[1.11, 1.11, 1.11, 1.41, 1.8, 1.81, 1.81, 1.99, 2.11, 2.11]"
S3,CH3O,314,-698.583112,-1.1735,43917.6,True,53,2.001,unknown,"[1.11, 1.11, 1.11, 1.41, 1.8, 1.8, 1.81, 2.0, 2.11, 2.12]"
S3,CH3O,377,-698.58292,-1.1733,44109.1,True,34,1.996,unknown,"[1.11, 1.11, 1.12, 1.41, 1.8, 1.81, 1.81, 2.0, 2.11, 2.11]"
S3,CH3O,11,-698.582439,-1.1728,44590.3,True,60,1.996,unknown,"[1.11, 1.11, 1.11, 1.41, 1.8, 1.81, 1.81, 2.0, 2.1, 2.11]"
S3,CH3O,340,-698.581768,-1.1721,45261.6,True,32,2.0,unknown,"[1.11, 1.11, 1.11, 1.41, 1.79, 1.81, 1.81, 2.0, 2.1, 2.11]"
S3,CH3O,17,-698.581516,-1.1719,45513.6,True,57,1.999,unknown,"[1.11, 1.11, 1.11, 1.41, 1.8, 1.8, 1.81, 1.99, 2.12, 2.12]"
S3,CH3O,366,-698.581436,-1.1718,45593.6,True,37,2.598,atop,"[1.11, 1.11, 1.11, 1.41, 1.8, 1.8, 1.81, 1.98, 2.11, 2.11]"
S3,CH3O,44,-698.581317,-1.1717,45711.9,True,64,1.996,unknown,"[1.11, 1.11, 1.11, 1.41, 1.8, 1.81, 1.81, 1.98, 2.11, 2.11]"
S3,CH3O,114,-698.580868,-1.1712,46160.7,True,58,1.994,unknown,"[1.11, 1.11, 1.11, 1.41, 1.8, 1.81, 1.82, 1.98, 2.11, 2.11]"
S3,CH3O,118,-698.579883,-1.1702,47146.2,True,53,2.0,unknown,"[1.11, 1.11, 1.11, 1.41, 1.8, 1.8, 1.8, 1.99, 2.12, 2.12]"
S3,CH3O,285,-698.579806,-1.1701,47223.6,True,53,2.828,atop,"[1.11, 1.11, 1.11, 1.41, 1.8, 1.8, 1.81, 2.0, 2.11, 2.11]"
S3,CH3O,357,-698.579797,-1.1701,47232.7,True,37,1.998,unknown,"[1.11, 1.11, 1.11, 1.41, 1.8, 1.8, 1.81, 2.0, 2.12, 2.12]"
S3,CH3O,268,-698.578739,-1.1691,48290.0,True,52,2.676,atop,"[1.11, 1.11, 1.12, 1.41, 1.8, 1.8, 1.81, 2.0, 2.11, 2.12]"
S3,CH3O,40,-698.577387,-1.1677,49642.2,True,35,1.999,unknown,"[1.11, 1.11, 1.11, 1.41, 1.8, 1.81, 1.81, 2.0, 2.11, 2.12]"
S3,CH3O,90,-698.575827,-1.1662,51202.2,True,60,1.995,unknown,"[1.11, 1.11, 1.12, 1.41, 1.8, 1.81, 1.81, 1.99, 2.11, 2.11]"
S3,CH3O,329,-698.575433,-1.1658,51595.9,True,34,2.675,unknown,"[1.11, 1.11, 1.11, 1.41, 1.8, 1.81, 1.81, 2.0, 2.1, 2.12]"
S3,CH3O,133,-698.57494,-1.1653,52089.6,True,34,1.999,unknown,"[1.11, 1.11, 1.12, 1.41, 1.8, 1.8, 1.81, 2.0, 2.1, 2.12]"
S3,CH3O,402,-698.574922,-1.1653,52107.1,True,72,2.629,atop,"[1.11, 1.11, 1.11, 1.41, 1.8, 1.81, 1.81, 1.99, 2.11, 2.11]"
S3,CH3O,195,-698.574609,-1.165,52419.8,True,61,1.996,unknown,"[1.11, 1.11, 1.11, 1.41, 1.8, 1.8, 1.81, 1.99, 2.11, 2.11]"
S3,CH3O,381,-698.574556,-1.1649,52473.0,True,53,1.998,unknown,"[1.11, 1.11, 1.11, 1.41, 1.8, 1.8, 1.81, 1.99, 2.11, 2.12]"
S3,CH3O,390,-698.574218,-1.1646,52811.2,True,70,1.996,unknown,"[1.11, 1.11, 1.11, 1.41, 1.8, 1.81, 1.81, 1.99, 2.1, 2.11]"
S3,CH3O,297,-698.57346,-1.1638,53568.7,True,61,1.996,unknown,"[1.11, 1.11, 1.11, 1.41, 1.8, 1.8, 1.81, 2.0, 2.11, 2.11]"
S3,CH3O,111,-698.573369,-1.1637,53660.2,True,89,2.001,unknown,"[1.11, 1.11, 1.12, 1.41, 1.8, 1.81, 1.81, 2.0, 2.1, 2.12]"
S3,CH3O,233,-698.573158,-1.1635,53870.8,True,34,2.518,unknown,"[1.11, 1.11, 1.11, 1.41, 1.8, 1.81, 1.81, 2.0, 2.1, 2.12]"
S3,CH3O,69,-698.572747,-1.1631,54281.7,True,39,2.001,unknown,"[1.11, 1.11, 1.11, 1.41, 1.8, 1.81, 1.81, 1.98, 2.11, 2.11]"
S3,CH3O,102,-698.571827,-1.1622,55202.4,True,63,2.604,atop,"[1.11, 1.11, 1.12, 1.41, 1.8, 1.81, 1.82, 2.0, 2.11, 2.11]"
S3,CH3O,403,-698.568049,-1.1584,58980.2,True,53,1.998,unknown,"[1.11, 1.11, 1.11, 1.41, 1.81, 1.81, 1.81, 1.99, 2.11, 2.11]"
S3,CH3O,149,-698.566833,-1.1572,60196.7,True,36,1.997,unknown,"[1.11, 1.11, 1.11, 1.41, 1.79, 1.8, 1.81, 2.0, 2.1, 2.12]"
S3,CH3O,356,-698.565346,-1.1557,61683.5,True,34,1.999,unknown,"[1.11, 1.11, 1.11, 1.41, 1.8, 1.81, 1.81, 2.01, 2.1, 2.12]"
S3,CH3O,382,-698.565031,-1.1554,61998.2,True,43,2.001,unknown,"[1.11, 1.11, 1.11, 1.41, 1.8, 1.8, 1.82, 1.99, 2.11, 2.11]"
S3,CH3O,104,-698.563193,-1.1535,63836.4,True,66,2.67,atop,"[1.11, 1.11, 1.11, 1.41, 1.8, 1.81, 1.81, 1.99, 2.11, 2.11]"
S3,CH3O,103,-698.561555,-1.1519,65474.2,True,57,2.541,unknown,"[1.11, 1.11, 1.11, 1.41, 1.8, 1.8, 1.81, 1.99, 2.11, 2.12]"
S3,CH3O,146,-698.554696,-1.145,72333.0,True,39,2.0,unknown,"[1.11, 1.11, 1.11, 1.41, 1.8, 1.81, 1.81, 2.0, 2.1, 2.11]"
S3,CH3O,24,-698.537262,-1.1276,89767.2,True,50,1.999,unknown,"[1.11, 1.11, 1.11, 1.41, 1.79, 1.8, 1.81, 2.03, 2.09, 2.12]"
S3,CH3O,252,-698.524229,-1.1146,102800.4,True,49,1.998,unknown,"[1.11, 1.11, 1.11, 1.41, 1.79, 1.81, 1.82, 2.03, 2.08, 2.12]"
S3,CH3O,153,-698.51943,-1.1098,107599.6,True,50,1.997,unknown,"[1.11, 1.11, 1.11, 1.41, 1.79, 1.8, 1.82, 2.03, 2.07, 2.12]"
S3,CH3O,234,-698.517737,-1.1081,109291.7,True,50,2.195,unknown,"[1.11, 1.11, 1.11, 1.41, 1.79, 1.8, 1.81, 2.04, 2.07, 2.12]"
S3,CH3O,30,-698.512821,-1.1032,114208.0,True,50,1.999,unknown,"[1.11, 1.11, 1.11, 1.41, 1.79, 1.8, 1.81, 2.05, 2.06, 2.13]"
S3,CH3O,189,-698.338416,-0.9288,288613.3,True,132,1.538,unknown,"[1.12, 1.13, 1.22, 1.83, 1.9, 2.05, 2.06, 2.7, 3.0, 3.68]"
S3,CH3O,96,-698.331916,-0.9223,295113.0,True,101,1.536,unknown,"[1.12, 1.13, 1.22, 1.9, 2.04, 2.05, 2.15, 2.81, 2.88, 3.85]"
S3,CH3O,138,-698.315342,-0.9057,311686.9,True,77,1.536,unknown,"[1.12, 1.13, 1.22, 1.9, 2.04, 2.05, 2.09, 2.81, 2.83, 3.93]"
S3,CH3O,237,-698.309468,-0.8998,317561.2,True,86,2.498,unknown,"[1.12, 1.13, 1.22, 1.9, 2.04, 2.05, 2.25, 2.82, 2.83, 3.89]"
S3,CH3O,306,-698.30271,-0.8931,324319.4,True,81,1.57,unknown,"[1.12, 1.12, 1.23, 1.9, 1.97, 2.05, 2.05, 2.07, 2.16, 2.67]"
S3,CH3O,361,-698.299196,-0.8895,327832.9,True,78,1.54,unknown,"[1.12, 1.13, 1.22, 1.9, 2.04, 2.06, 2.14, 2.58, 2.64, 3.54]"
S3,CH3O,193,-698.291348,-0.8817,335681.0,True,63,1.54,unknown,"[1.12, 1.13, 1.22, 1.9, 2.04, 2.05, 2.1, 2.61, 2.65, 3.63]"
S3,CH3O,229,-698.289729,-0.8801,337299.8,True,73,1.54,unknown,"[1.12, 1.13, 1.22, 1.9, 2.04, 2.06, 2.13, 2.49, 2.52, 3.45]"
S3,CH3O,226,-698.287528,-0.8779,339501.0,True,102,2.488,unknown,"[1.12, 1.12, 1.22, 1.9, 2.04, 2.05, 2.37, 2.79, 2.82, 3.82]"
S3,CH3O,22,-698.287344,-0.8777,339685.6,True,68,2.525,unknown,"[1.12, 1.13, 1.22, 1.9, 2.05, 2.05, 2.09, 2.51, 2.56, 3.47]"
S3,CH3O,187,-698.286426,-0.8768,340602.9,True,43,2.509,atop,"[1.12, 1.12, 1.22, 1.9, 2.04, 2.06, 2.14, 2.29, 2.36, 3.12]"
S3,CH3O,127,-698.283788,-0.8741,343241.3,True,72,2.484,unknown,"[1.12, 1.13, 1.22, 1.9, 2.05, 2.05, 2.12, 2.35, 2.41, 3.23]"
S3,CH3O,194,-698.268677,-0.859,358352.0,True,75,1.535,unknown,"[1.12, 1.12, 1.22, 1.9, 2.05, 2.05, 2.43, 2.57, 2.68, 3.29]"
S3,CH3O,385,-698.259237,-0.8496,367792.2,True,64,3.729,atop,"[1.12, 1.12, 1.22, 1.9, 2.05, 2.05, 2.21, 2.62, 2.66, 3.56]"
S3,CH3O,397,-698.25838,-0.8487,368649.1,True,65,1.535,unknown,"[1.12, 1.13, 1.22, 1.9, 2.05, 2.05, 2.24, 2.63, 2.66, 3.57]"
S3,CH3O,308,-698.253928,-0.8443,373101.6,True,50,1.541,unknown,"[1.12, 1.12, 1.22, 1.9, 2.05, 2.05, 2.34, 2.4, 2.45, 3.3]"
S3,CH3O,386,-698.251082,-0.8414,375946.9,True,60,1.539,unknown,"[1.12, 1.12, 1.22, 1.9, 2.05, 2.05, 2.24, 2.6, 2.66, 3.49]"
S3,CH3O,206,-698.250298,-0.8406,376731.1,True,45,2.467,unknown,"[1.12, 1.12, 1.22, 1.9, 2.05, 2.05, 2.2, 2.24, 2.32, 3.23]"
S3,CH3O,389,-698.239395,-0.8297,387634.7,True,61,2.467,unknown,"[1.12, 1.12, 1.22, 1.9, 2.05, 2.05, 2.22, 2.28, 2.52, 3.61]"
S3,CH3O,88,-697.823201,-0.4135,803827.8,True,37,1.504,unknown,"[1.1, 1.1, 1.1, 1.45, 1.8, 1.81, 1.81, 2.0, 2.11, 2.12]"
S3,CH3O,101,-697.821238,-0.4116,805791.6,True,38,1.504,unknown,"[1.1, 1.1, 1.1, 1.45, 1.8, 1.81, 1.82, 2.0, 2.11, 2.12]"
S3,CH3O,401,-697.815594,-0.4059,811435.1,True,49,1.505,unknown,"[1.1, 1.1, 1.11, 1.44, 1.8, 1.81, 1.82, 1.99, 2.11, 2.12]"
S3,CH3O,295,-697.814596,-0.4049,812432.7,True,39,1.506,unknown,"[1.1, 1.1, 1.11, 1.44, 1.8, 1.81, 1.82, 1.99, 2.11, 2.12]"
S3,CH3O,289,-697.813438,-0.4038,813590.8,True,56,1.504,unknown,"[1.1, 1.1, 1.1, 1.45, 1.79, 1.81, 1.81, 2.02, 2.09, 2.12]"
S3,CH3O,294,-697.813273,-0.4036,813756.6,True,61,1.505,unknown,"[1.1, 1.1, 1.1, 1.44, 1.8, 1.81, 1.81, 1.98, 2.11, 2.12]"
S3,CH3O,301,-697.811943,-0.4023,815086.5,True,40,1.506,unknown,"[1.1, 1.1, 1.11, 1.44, 1.8, 1.81, 1.82, 1.99, 2.11, 2.11]"
S3,CH3O,302,-697.807719,-0.3981,819310.1,True,45,1.508,unknown,"[1.1, 1.1, 1.11, 1.44, 1.8, 1.81, 1.81, 1.99, 2.11, 2.12]"
S3,CH3O,0,-697.783641,-0.374,843388.1,True,47,1.51,unknown,"[1.1, 1.1, 1.1, 1.45, 1.8, 1.81, 1.81, 1.99, 2.11, 2.12]"
S3,CH3O,393,-697.779956,-0.3703,847073.2,True,47,1.508,unknown,"[1.1, 1.1, 1.1, 1.44, 1.8, 1.81, 1.82, 1.99, 2.1, 2.12]"
S3,CH3O,99,-697.775091,-0.3654,851937.7,True,51,1.508,unknown,"[1.1, 1.1, 1.11, 1.44, 1.8, 1.81, 1.82, 1.98, 2.11, 2.12]"
S3,CH3O,307,-697.772695,-0.363,854333.8,True,27,1.515,unknown,"[1.1, 1.1, 1.1, 1.45, 1.8, 1.81, 1.81, 1.99, 2.11, 2.13]"
S3,CH3O,87,-697.746369,-0.3367,880660.5,True,34,1.51,unknown,"[1.1, 1.1, 1.1, 1.44, 1.8, 1.8, 1.82, 1.99, 2.11, 2.12]"
S3,CH3O,1,-697.741545,-0.3319,885483.7,True,27,1.51,unknown,"[1.1, 1.1, 1.11, 1.44, 1.8, 1.81, 1.83, 1.98, 2.11, 2.12]"
S3,CH3O,95,-697.734678,-0.325,892351.0,True,36,2.108,unknown,"[1.12, 1.12, 1.12, 1.38, 1.8, 1.8, 1.81, 2.0, 2.09, 2.09]"
S3,CH3O,394,-697.727432,-0.3178,899597.1,True,45,1.518,unknown,"[1.1, 1.11, 1.11, 1.43, 1.81, 1.81, 1.82, 1.99, 2.11, 2.11]"
S3,CH3O,83,-697.724556,-0.3149,902473.6,True,44,1.512,unknown,"[1.1, 1.11, 1.11, 1.44, 1.81, 1.81, 1.81, 1.99, 2.11, 2.12]"
S3,CH3O,296,-697.722025,-0.3124,905004.5,True,44,1.513,unknown,"[1.1, 1.11, 1.11, 1.43, 1.81, 1.81, 1.81, 1.99, 2.11, 2.12]"
S3,CH3O,396,-697.497693,-0.088,909870.0,True,200,2.161,unknown,"[1.12, 1.12, 1.12, 1.39, 1.81, 1.82, 1.82, 2.0, 2.1, 2.12]"
S3,CH3O,97,-697.707266,-0.2976,919763.3,True,51,1.912,unknown,"[1.11, 1.11, 1.12, 1.39, 1.8, 1.8, 1.82, 1.96, 2.1, 2.11]"
S3,CH3O,190,-697.705042,-0.2954,921987.5,True,51,1.948,unknown,"[1.11, 1.11, 1.12, 1.38, 1.8, 1.8, 1.81, 1.97, 2.1, 2.1]"
S3,CH3O,200,-697.703789,-0.2941,923239.8,True,29,1.857,unknown,"[1.11, 1.11, 1.11, 1.39, 1.8, 1.81, 1.82, 1.96, 2.1, 2.11]"
S3,CH3O,387,-697.644495,-0.2348,982533.9,True,38,1.988,unknown,"[1.11, 1.12, 1.12, 1.38, 1.79, 1.8, 1.82, 1.98, 2.1, 2.1]"
S3,CH3O,33,-697.595968,-0.1863,1031061.3,True,38,2.443,unknown,"[1.12, 1.12, 1.16, 1.34, 1.79, 1.8, 1.84, 2.06, 2.07, 2.07]"
S3,CH3O,52,-697.595039,-0.1854,1031990.0,True,38,2.416,unknown,"[1.12, 1.12, 1.17, 1.34, 1.79, 1.8, 1.84, 2.06, 2.06, 2.07]"
S3,CH3O,398,-697.552576,-0.1429,1074453.2,True,22,2.506,bridge,"[1.12, 1.13, 1.13, 1.36, 1.8, 1.81, 1.81, 2.03, 2.08, 2.08]"
S3,CH3O,191,-697.550429,-0.1408,1076600.1,True,22,2.413,unknown,"[1.12, 1.13, 1.14, 1.35, 1.79, 1.81, 1.82, 2.04, 2.08, 2.08]"
S3,CH3O,98,-697.544396,-0.1347,1082633.2,True,23,2.535,bridge,"[1.12, 1.14, 1.14, 1.35, 1.79, 1.82, 1.82, 2.04, 2.08, 2.08]"
S3,CH3O,86,-697.523256,-0.1136,1103773.0,True,44,2.346,unknown,"[1.12, 1.13, 1.17, 1.33, 1.79, 1.83, 1.85, 2.06, 2.06, 2.06]"
S3,CH3O,227,-697.518544,-0.1089,1108485.6,True,27,2.162,unknown,"[1.12, 1.12, 1.14, 1.35, 1.78, 1.81, 1.83, 2.05, 2.07, 2.08]"
S3,CH3O,292,-697.517934,-0.1083,1109095.5,True,43,2.373,unknown,"[1.12, 1.13, 1.16, 1.33, 1.79, 1.82, 1.84, 2.06, 2.06, 2.06]"
S3,CH3O,304,-697.512974,-0.1033,1114054.8,True,42,2.397,atop,"[1.12, 1.13, 1.16, 1.33, 1.79, 1.82, 1.84, 2.06, 2.06, 2.06]"
S3,CH3O,202,-697.511142,-0.1015,1115887.3,True,41,2.404,atop,"[1.12, 1.13, 1.15, 1.34, 1.79, 1.82, 1.84, 2.06, 2.06, 2.06]"
S3,CH3O,293,-697.50715,-0.0975,1119879.1,True,41,2.493,atop,"[1.12, 1.14, 1.14, 1.34, 1.79, 1.83, 1.83, 2.06, 2.06, 2.06]"
S3,CH3O,203,-697.506544,-0.0969,1120485.4,True,40,2.469,atop,"[1.12, 1.14, 1.14, 1.34, 1.79, 1.82, 1.83, 2.06, 2.06, 2.06]"
S3,CH3O,266,-697.499045,-0.0894,1127984.4,True,28,2.138,unknown,"[1.12, 1.13, 1.14, 1.35, 1.78, 1.83, 1.83, 2.05, 2.06, 2.07]"
S3,CH3O,239,-697.497693,-0.088,1129336.3,True,34,2.278,unknown,"[1.12, 1.13, 1.13, 1.35, 1.8, 1.82, 1.82, 2.05, 2.05, 2.06]"
S3,CH3O,365,-697.497199,-0.0875,1129829.7,True,27,2.114,unknown,"[1.12, 1.13, 1.14, 1.35, 1.77, 1.83, 1.84, 2.05, 2.06, 2.07]"
S3,CH3O,140,-697.49597,-0.0863,1131059.3,True,34,2.304,unknown,"[1.12, 1.12, 1.13, 1.35, 1.8, 1.82, 1.82, 2.05, 2.06, 2.07]"
S3,CH3O,54,-697.495676,-0.086,1131353.5,True,36,2.919,unknown,"[1.12, 1.12, 1.12, 1.36, 1.8, 1.8, 1.81, 2.06, 2.06, 2.07]"
S3,CH3O,35,-697.494946,-0.0853,1132083.3,True,34,2.508,unknown,"[1.12, 1.12, 1.13, 1.36, 1.8, 1.81, 1.81, 2.04, 2.07, 2.07]"
S3,CH3O,154,-697.484036,-0.0744,1142993.3,True,36,2.796,unknown,"[1.12, 1.12, 1.12, 1.37, 1.8, 1.8, 1.81, 2.06, 2.07, 2.07]"
S3,CH3O,85,-697.446781,-0.0371,1180248.3,True,36,2.623,unknown,"[1.12, 1.12, 1.12, 1.37, 1.8, 1.8, 1.8, 2.06, 2.07, 2.07]"
S3b,CO,56,-547.628955,-2.2383,0.0,True,71,3.541,atop,[1.19]
S3b,CO,84,-547.623816,-2.2331,5139.2,True,188,1.961,bridge,[1.19]
S3b,CO,41,-547.596497,-2.2058,32458.5,True,38,1.933,bridge,[1.19]
S3b,CO,19,-547.588254,-2.1976,40700.9,True,35,3.729,atop,[1.19]
S3b,CO,79,-547.50049,-2.1098,128465.2,True,68,1.805,unknown,[1.17]
S3b,CO,6,-547.494965,-2.1043,133990.0,True,27,3.338,atop,[1.17]
S3b,CO,55,-547.481934,-2.0912,147021.2,True,39,1.802,unknown,[1.17]
S3b,CO,22,-547.473757,-2.0831,155198.1,True,186,4.393,atop,[1.17]
S3b,CO,0,-547.461899,-2.0712,167056.7,True,52,4.526,atop,[1.17]
S3b,CO,63,-547.454712,-2.064,174243.5,True,41,1.806,unknown,[1.17]
S3b,CO,2,-547.444757,-2.0541,184198.3,True,34,4.5,atop,[1.17]
S3b,CO,65,-547.481111,-2.0904,1949595.4,True,208,2.689,atop,[1.2]
S3b,CO,38,-547.500823,-2.1101,2095592.2,True,208,2.85,atop,[1.13]
S3b,CO,43,-547.497594,-2.1069,2174321.3,True,206,3.418,atop,[1.15]
S3b,CO,74,-547.444861,-2.0542,2177483.5,True,201,2.999,atop,[1.16]
S3b,CO,62,-547.480913,-2.0902,2232512.8,True,205,3.59,unknown,[1.17]
S3b,CO,44,-547.496563,-2.1059,2254271.4,True,205,3.045,atop,[1.18]
S3b,CO,42,-547.497776,-2.1071,2313974.3,True,207,3.316,atop,[1.17]
S3b,CH3O,198,-558.128723,-2.947,0.0,True,117,2.554,unknown,"[1.11, 1.11, 1.11, 1.43, 1.8, 1.81, 1.81, 2.07, 2.08, 2.11]"
S3b,CH3O,16,-558.12441,-2.9427,4313.3,True,138,2.133,unknown,"[1.11, 1.11, 1.11, 1.43, 1.8, 1.8, 1.8, 2.07, 2.08, 2.11]"
S3b,CH3O,108,-558.123295,-2.9416,5427.9,True,116,2.069,unknown,"[1.11, 1.11, 1.11, 1.43, 1.8, 1.81, 1.81, 2.07, 2.08, 2.11]"
S3b,CH3O,260,-558.121324,-2.9396,7399.2,True,98,3.213,unknown,"[1.11, 1.11, 1.11, 1.43, 1.8, 1.8, 1.81, 2.08, 2.08, 2.12]"
S3b,CH3O,8,-558.120777,-2.9391,7946.4,True,89,2.128,unknown,"[1.11, 1.11, 1.11, 1.43, 1.8, 1.8, 1.81, 2.07, 2.08, 2.11]"
S3b,CH3O,200,-558.118559,-2.9369,10164.0,True,88,2.495,unknown,"[1.11, 1.11, 1.11, 1.43, 1.8, 1.8, 1.81, 2.08, 2.08, 2.11]"
S3b,CH3O,44,-558.117397,-2.9357,11326.7,True,94,2.097,unknown,"[1.11, 1.11, 1.11, 1.43, 1.8, 1.81, 1.81, 2.08, 2.08, 2.11]"
S3b,CH3O,188,-558.116035,-2.9343,12687.9,True,74,2.096,unknown,"[1.11, 1.11, 1.11, 1.43, 1.8, 1.8, 1.8, 2.08, 2.08, 2.11]"
S3b,CH3O,184,-558.115088,-2.9334,13635.1,True,87,2.104,unknown,"[1.11, 1.11, 1.11, 1.43, 1.8, 1.8, 1.8, 2.08, 2.08, 2.12]"
S3b,CH3O,137,-558.113318,-2.9316,15404.9,True,77,2.467,unknown,"[1.11, 1.11, 1.11, 1.43, 1.8, 1.81, 1.81, 2.07, 2.08, 2.11]"
S3b,CH3O,72,-558.111621,-2.9299,17102.8,True,105,2.11,unknown,"[1.11, 1.11, 1.11, 1.43, 1.8, 1.8, 1.8, 2.07, 2.09, 2.11]"
S3b,CH3O,128,-558.110688,-2.929,18035.2,True,76,2.09,unknown,"[1.11, 1.11, 1.11, 1.43, 1.8, 1.81, 1.81, 2.08, 2.08, 2.11]"
S3b,CH3O,90,-558.110493,-2.9288,18230.2,True,59,2.078,unknown,"[1.11, 1.11, 1.11, 1.44, 1.79, 1.8, 1.8, 2.08, 2.1, 2.11]"
S3b,CH3O,6,-558.109369,-2.9277,19354.2,True,105,2.109,unknown,"[1.11, 1.11, 1.11, 1.44, 1.8, 1.8, 1.81, 2.07, 2.09, 2.11]"
S3b,CH3O,141,-558.106137,-2.9244,22586.1,True,58,2.104,unknown,"[1.11, 1.11, 1.11, 1.43, 1.8, 1.8, 1.81, 2.07, 2.09, 2.11]"
S3b,CH3O,211,-558.10379,-2.9221,24933.7,True,58,2.103,unknown,"[1.11, 1.11, 1.11, 1.43, 1.8, 1.8, 1.81, 2.07, 2.09, 2.11]"
S3b,CH3O,135,-558.096452,-2.9148,32271.3,True,97,2.733,unknown,"[1.11, 1.11, 1.11, 1.44, 1.8, 1.81, 1.81, 2.07, 2.09, 2.11]"
S3b,CH3O,149,-558.091037,-2.9093,37686.3,True,70,2.103,unknown,"[1.11, 1.11, 1.11, 1.44, 1.8, 1.8, 1.8, 2.07, 2.1, 2.11]"
S3b,CH3O,143,-558.08969,-2.908,39033.8,True,64,2.105,unknown,"[1.1, 1.11, 1.11, 1.44, 1.8, 1.8, 1.8, 2.07, 2.1, 2.1]"
S3b,CH3O,146,-558.089008,-2.9073,39715.5,True,57,2.109,unknown,"[1.11, 1.11, 1.11, 1.44, 1.8, 1.8, 1.8, 2.06, 2.1, 2.11]"
S3b,CH3O,171,-558.088474,-2.9068,40249.3,True,102,2.105,unknown,"[1.11, 1.11, 1.11, 1.44, 1.8, 1.8, 1.8, 2.07, 2.1, 2.1]"
S3b,CH3O,42,-558.088339,-2.9066,40384.8,True,60,2.093,unknown,"[1.11, 1.11, 1.11, 1.44, 1.8, 1.8, 1.81, 2.07, 2.09, 2.1]"
S3b,CH3O,32,-558.08772,-2.906,41003.7,True,93,2.11,unknown,"[1.11, 1.11, 1.11, 1.43, 1.8, 1.8, 1.8, 2.07, 2.1, 2.1]"
S3b,CH3O,115,-558.087349,-2.9057,41374.3,True,67,2.098,unknown,"[1.11, 1.11, 1.11, 1.43, 1.8, 1.8, 1.8, 2.07, 2.1, 2.11]"
S3b,CH3O,106,-558.087,-2.9053,41723.4,True,59,2.102,unknown,"[1.11, 1.11, 1.11, 1.44, 1.8, 1.8, 1.8, 2.07, 2.09, 2.11]"
S3b,CH3O,118,-558.086743,-2.905,41980.4,True,93,2.113,unknown,"[1.11, 1.11, 1.11, 1.44, 1.8, 1.8, 1.81, 2.08, 2.1, 2.11]"
S3b,CH3O,175,-558.086565,-2.9049,42158.1,True,60,2.101,unknown,"[1.11, 1.11, 1.11, 1.44, 1.8, 1.8, 1.81, 2.07, 2.1, 2.11]"
S3b,CH3O,249,-558.083704,-2.902,45019.2,True,88,2.111,unknown,"[1.11, 1.11, 1.11, 1.44, 1.8, 1.8, 1.8, 2.07, 2.1, 2.1]"
S3b,CH3O,237,-558.083217,-2.9015,45506.5,True,65,2.099,unknown,"[1.11, 1.11, 1.11, 1.44, 1.8, 1.8, 1.8, 2.07, 2.1, 2.11]"
S3b,CH3O,155,-558.082984,-2.9013,45739.8,True,65,3.074,atop,"[1.11, 1.11, 1.11, 1.44, 1.8, 1.8, 1.81, 2.07, 2.1, 2.1]"
S3b,CH3O,164,-558.082723,-2.901,46000.1,True,57,2.107,unknown,"[1.11, 1.11, 1.11, 1.43, 1.8, 1.8, 1.8, 2.07, 2.1, 2.11]"
S3b,CH3O,181,-558.082308,-2.9006,46415.1,True,76,2.11,unknown,"[1.11, 1.11, 1.11, 1.44, 1.8, 1.81, 1.81, 2.07, 2.1, 2.1]"
S3b,CH3O,98,-558.081386,-2.8997,47337.6,True,64,2.111,unknown,"[1.11, 1.11, 1.11, 1.44, 1.8, 1.8, 1.81, 2.07, 2.1, 2.11]"
S3b,CH3O,55,-558.079868,-2.8982,48855.2,True,86,2.944,unknown,"[1.11, 1.11, 1.11, 1.43, 1.8, 1.8, 1.81, 2.07, 2.1, 2.11]"
S3b,CH3O,243,-558.078945,-2.8972,49778.8,True,75,2.098,unknown,"[1.11, 1.11, 1.11, 1.43, 1.8, 1.8, 1.8, 2.07, 2.1, 2.1]"
S3b,CH3O,0,-558.075478,-2.8938,53245.7,True,131,3.443,unknown,"[1.11, 1.11, 1.11, 1.43, 1.81, 1.81, 1.81, 2.07, 2.08, 2.11]"
S3b,CH3O,56,-558.070072,-2.8884,58651.6,True,94,2.529,unknown,"[1.11, 1.11, 1.11, 1.43, 1.8, 1.81, 1.81, 2.07, 2.07, 2.11]"
S3b,CH3O,248,-558.067405,-2.8857,61318.3,True,95,2.096,unknown,"[1.11, 1.11, 1.11, 1.43, 1.8, 1.8, 1.81, 2.07, 2.08, 2.11]"
S3b,CH3O,186,-558.064068,-2.8824,64655.3,True,86,2.513,unknown,"[1.11, 1.11, 1.11, 1.43, 1.8, 1.81, 1.81, 2.07, 2.08, 2.11]"
S3b,CH3O,259,-558.061728,-2.88,66995.8,True,111,3.07,unknown,"[1.11, 1.11, 1.11, 1.43, 1.8, 1.8, 1.81, 2.07, 2.08, 2.11]"
S3b,CH3O,92,-558.058805,-2.8771,69918.5,True,55,2.098,unknown,"[1.11, 1.11, 1.11, 1.44, 1.8, 1.8, 1.8, 2.07, 2.1, 2.11]"
S3b,CH3O,182,-558.049062,-2.8674,79660.9,True,106,2.604,unknown,"[1.11, 1.11, 1.11, 1.43, 1.8, 1.8, 1.81, 2.07, 2.08, 2.11]"
S3b,CH3O,83,-558.047704,-2.866,81019.0,True,70,2.092,unknown,"[1.11, 1.11, 1.11, 1.43, 1.8, 1.8, 1.81, 2.07, 2.09, 2.11]"
S3b,CH3O,21,-558.03735,-2.8557,91373.8,True,58,2.09,unknown,"[1.11, 1.11, 1.11, 1.43, 1.8, 1.81, 1.81, 2.06, 2.09, 2.1]"
S3b,CH3O,94,-558.032397,-2.8507,96325.9,True,62,2.097,unknown,"[1.11, 1.11, 1.11, 1.43, 1.8, 1.8, 1.81, 2.07, 2.1, 2.1]"
S3b,CH3O,87,-558.030625,-2.8489,98098.5,True,68,2.088,unknown,"[1.11, 1.11, 1.11, 1.43, 1.8, 1.8, 1.81, 2.06, 2.09, 2.1]"
S3b,CH3O,247,-558.027128,-2.8454,101595.2,True,68,2.097,unknown,"[1.11, 1.11, 1.11, 1.43, 1.79, 1.8, 1.81, 2.06, 2.1, 2.1]"
S3b,CH3O,28,-558.025171,-2.8435,103552.6,True,68,2.088,unknown,"[1.11, 1.11, 1.11, 1.43, 1.8, 1.8, 1.8, 2.06, 2.1, 2.1]"
S3b,CH3O,9,-558.008699,-2.827,120024.8,True,81,2.138,unknown,"[1.11, 1.11, 1.11, 1.43, 1.8, 1.8, 1.81, 2.07, 2.1, 2.1]"
S3b,CH3O,204,-558.002969,-2.8213,125754.7,True,83,2.077,unknown,"[1.11, 1.11, 1.11, 1.43, 1.8, 1.8, 1.81, 2.07, 2.1, 2.1]"
S3b,CH3O,190,-557.990388,-2.8087,138335.8,True,85,2.099,unknown,"[1.11, 1.11, 1.11, 1.44, 1.8, 1.8, 1.8, 2.07, 2.1, 2.11]"
S3b,CH3O,159,-557.985324,-2.8036,143399.7,True,63,2.1,unknown,"[1.11, 1.11, 1.11, 1.44, 1.8, 1.8, 1.8, 2.08, 2.1, 2.12]"
S3b,CH3O,165,-557.984756,-2.8031,143967.3,True,63,2.1,unknown,"[1.11, 1.11, 1.11, 1.44, 1.8, 1.8, 1.8, 2.08, 2.1, 2.12]"
S3b,CH3O,24,-557.984445,-2.8028,144278.3,True,62,2.102,unknown,"[1.11, 1.11, 1.11, 1.44, 1.79, 1.8, 1.8, 2.08, 2.1, 2.12]"
S3b,CH3O,253,-557.971878,-2.7902,156845.7,True,83,2.064,unknown,"[1.11, 1.11, 1.11, 1.44, 1.8, 1.8, 1.8, 2.07, 2.1, 2.12]"
S3b,CH3O,129,-557.872049,-2.6904,256674.1,True,82,1.89,unknown,"[1.11, 1.11, 1.18, 1.39, 1.77, 1.81, 1.84, 2.05, 2.12, 2.16]"
S3b,CH3O,224,-557.869279,-2.6876,259444.5,True,57,1.833,unknown,"[1.11, 1.11, 1.19, 1.39, 1.73, 1.8, 1.89, 2.05, 2.11, 2.18]"
S3b,CH3O,25,-557.868651,-2.687,260072.5,True,56,1.979,unknown,"[1.11, 1.11, 1.19, 1.38, 1.74, 1.81, 1.87, 2.05, 2.11, 2.18]"
S3b,CH3O,26,-557.868246,-2.6866,260477.2,True,80,1.82,unknown,"[1.11, 1.11, 1.19, 1.39, 1.72, 1.81, 1.89, 2.05, 2.11, 2.17]"
S3b,CH3O,99,-557.867921,-2.6862,260802.7,True,77,1.857,unknown,"[1.11, 1.11, 1.19, 1.38, 1.74, 1.81, 1.85, 2.05, 2.11, 2.17]"
S3b,CH3O,110,-557.867516,-2.6858,261207.0,True,72,1.86,unknown,"[1.11, 1.12, 1.19, 1.38, 1.76, 1.82, 1.85, 2.05, 2.1, 2.17]"
S3b,CH3O,85,-557.867205,-2.6855,261518.3,True,84,1.855,unknown,"[1.11, 1.12, 1.19, 1.38, 1.76, 1.82, 1.85, 2.05, 2.11, 2.17]"
S3b,CH3O,80,-557.866785,-2.6851,261938.0,True,62,1.917,unknown,"[1.11, 1.12, 1.18, 1.38, 1.78, 1.82, 1.83, 2.05, 2.1, 2.15]"
S3b,CH3O,154,-557.866691,-2.685,262032.1,True,92,2.663,unknown,"[1.11, 1.12, 1.18, 1.38, 1.77, 1.82, 1.83, 2.05, 2.11, 2.16]"
S3b,CH3O,17,-557.866318,-2.6846,262405.3,True,58,1.877,unknown,"[1.11, 1.12, 1.18, 1.38, 1.76, 1.82, 1.85, 2.05, 2.11, 2.16]"
S3b,CH3O,161,-557.866132,-2.6844,262590.9,True,77,1.824,unknown,"[1.11, 1.11, 1.19, 1.39, 1.72, 1.8, 1.89, 2.06, 2.11, 2.17]"
S3b,CH3O,212,-557.866112,-2.6844,262611.8,True,66,1.89,unknown,"[1.11, 1.12, 1.18, 1.38, 1.77, 1.82, 1.85, 2.05, 2.1, 2.16]"
S3b,CH3O,116,-557.866061,-2.6844,262662.8,True,62,1.876,unknown,"[1.11, 1.12, 1.18, 1.38, 1.75, 1.82, 1.86, 2.05, 2.11, 2.16]"
S3b,CH3O,179,-557.865896,-2.6842,262827.7,True,75,1.867,unknown,"[1.11, 1.12, 1.19, 1.38, 1.76, 1.82, 1.84, 2.05, 2.11, 2.17]"
S3b,CH3O,255,-557.865846,-2.6842,262877.6,True,124,1.903,unknown,"[1.11, 1.11, 1.18, 1.39, 1.77, 1.81, 1.83, 2.05, 2.11, 2.16]"
S3b,CH3O,62,-557.865505,-2.6838,263218.4,True,102,1.981,unknown,"[1.11, 1.11, 1.19, 1.39, 1.75, 1.8, 1.87, 2.05, 2.12, 2.16]"
S3b,CH3O,111,-557.864631,-2.6829,264092.2,True,67,1.859,unknown,"[1.11, 1.12, 1.19, 1.38, 1.75, 1.82, 1.85, 2.05, 2.11, 2.17]"
S3b,CH3O,18,-557.864208,-2.6825,264515.7,True,49,1.983,unknown,"[1.11, 1.12, 1.19, 1.38, 1.75, 1.82, 1.85, 2.05, 2.1, 2.18]"
S3b,CH3O,136,-557.863895,-2.6822,264827.9,True,51,2.26,unknown,"[1.11, 1.12, 1.15, 1.39, 1.8, 1.81, 1.81, 2.04, 2.11, 2.12]"
S3b,CH3O,86,-557.863795,-2.6821,264928.1,True,67,1.938,unknown,"[1.11, 1.12, 1.18, 1.38, 1.79, 1.82, 1.82, 2.05, 2.1, 2.15]"
S3b,CH3O,65,-557.863111,-2.6814,265612.5,True,62,1.986,unknown,"[1.11, 1.11, 1.19, 1.39, 1.74, 1.8, 1.88, 2.06, 2.12, 2.17]"
S3b,CH3O,170,-557.862993,-2.6813,265730.3,True,91,1.95,unknown,"[1.11, 1.12, 1.17, 1.38, 1.79, 1.81, 1.82, 2.05, 2.11, 2.15]"
S3b,CH3O,167,-557.862858,-2.6812,265865.7,True,82,1.804,unknown,"[1.11, 1.11, 1.19, 1.39, 1.72, 1.81, 1.89, 2.05, 2.11, 2.18]"
S3b,CH3O,41,-557.862761,-2.6811,265962.8,True,90,1.975,unknown,"[1.11, 1.12, 1.17, 1.38, 1.79, 1.82, 1.82, 2.05, 2.1, 2.15]"
S3b,CH3O,58,-557.861713,-2.68,267009.9,True,75,1.974,unknown,"[1.11, 1.12, 1.17, 1.38, 1.79, 1.82, 1.83, 2.05, 2.11, 2.15]"
S3b,CH3O,7,-557.861711,-2.68,267012.7,True,50,3.28,unknown,"[1.11, 1.12, 1.14, 1.4, 1.8, 1.81, 1.81, 2.04, 2.11, 2.12]"
S3b,CH3O,218,-557.861431,-2.6797,267292.6,True,93,1.909,unknown,"[1.11, 1.12, 1.18, 1.38, 1.78, 1.82, 1.83, 2.05, 2.11, 2.16]"
S3b,CH3O,251,-557.861193,-2.6795,267530.7,True,78,1.968,unknown,"[1.11, 1.12, 1.17, 1.38, 1.8, 1.81, 1.82, 2.05, 2.11, 2.15]"
S3b,CH3O,131,-557.861135,-2.6794,267588.2,True,50,1.905,unknown,"[1.11, 1.11, 1.18, 1.39, 1.77, 1.82, 1.83, 2.05, 2.11, 2.16]"
S3b,CH3O,97,-557.860731,-2.679,267992.5,True,84,1.884,unknown,"[1.11, 1.12, 1.18, 1.38, 1.77, 1.82, 1.84, 2.05, 2.1, 2.16]"
S3b,CH3O,70,-557.860648,-2.679,268075.3,True,74,1.976,unknown,"[1.11, 1.12, 1.17, 1.39, 1.8, 1.81, 1.82, 2.05, 2.11, 2.14]"
S3b,CH3O,117,-557.860486,-2.6788,268236.9,True,58,2.443,unknown,"[1.11, 1.11, 1.13, 1.4, 1.8, 1.8, 1.81, 2.04, 2.11, 2.12]"
S3b,CH3O,54,-557.86035,-2.6787,268373.6,True,58,1.962,unknown,"[1.11, 1.11, 1.13, 1.4, 1.8, 1.8, 1.81, 2.04, 2.1, 2.12]"
S3b,CH3O,246,-557.860178,-2.6785,268545.7,True,54,2.421,unknown,"[1.11, 1.11, 1.14, 1.4, 1.8, 1.81, 1.81, 2.04, 2.1, 2.12]"
S3b,CH3O,213,-557.860141,-2.6784,268582.2,True,49,1.851,unknown,"[1.11, 1.11, 1.19, 1.38, 1.75, 1.81, 1.85, 2.05, 2.1, 2.18]"
S3b,CH3O,1,-557.859867,-2.6782,268856.0,True,78,1.973,unknown,"[1.11, 1.12, 1.17, 1.38, 1.79, 1.81, 1.82, 2.05, 2.1, 2.15]"
S3b,CH3O,11,-557.859638,-2.6779,269085.6,True,59,2.727,unknown,"[1.11, 1.11, 1.13, 1.41, 1.8, 1.8, 1.8, 2.05, 2.1, 2.12]"
S3b,CH3O,45,-557.859598,-2.6779,269125.3,True,64,1.855,unknown,"[1.11, 1.12, 1.19, 1.38, 1.75, 1.81, 1.86, 2.05, 2.1, 2.17]"
S3b,CH3O,124,-557.859045,-2.6774,269677.9,True,75,1.97,unknown,"[1.11, 1.12, 1.17, 1.38, 1.79, 1.81, 1.83, 2.04, 2.11, 2.14]"
S3b,CH3O,236,-557.858767,-2.6771,269956.2,True,58,1.916,unknown,"[1.11, 1.12, 1.18, 1.38, 1.78, 1.82, 1.82, 2.05, 2.1, 2.15]"
S3b,CH3O,180,-557.858765,-2.6771,269958.6,True,60,2.467,unknown,"[1.11, 1.11, 1.13, 1.4, 1.8, 1.81, 1.81, 2.04, 2.11, 2.12]"
S3b,CH3O,53,-557.858727,-2.677,269996.5,True,75,1.973,unknown,"[1.11, 1.12, 1.17, 1.39, 1.8, 1.81, 1.82, 2.04, 2.11, 2.15]"
S3b,CH3O,145,-557.858383,-2.6767,270339.9,True,80,1.965,unknown,"[1.11, 1.11, 1.13, 1.4, 1.8, 1.8, 1.8, 2.04, 2.11, 2.12]"
S3b,CH3O,101,-557.858112,-2.6764,270610.9,True,85,1.817,unknown,"[1.11, 1.11, 1.19, 1.39, 1.72, 1.8, 1.89, 2.05, 2.12, 2.17]"
S3b,CH3O,57,-557.85766,-2.676,271063.0,True,87,2.701,unknown,"[1.11, 1.12, 1.16, 1.39, 1.8, 1.81, 1.82, 2.05, 2.11, 2.14]"
S3b,CH3O,64,-557.857209,-2.6755,271514.7,True,66,1.885,unknown,"[1.11, 1.11, 1.18, 1.39, 1.77, 1.81, 1.84, 2.05, 2.11, 2.16]"
S3b,CH3O,40,-557.85689,-2.6752,271833.1,True,71,2.199,unknown,"[1.11, 1.12, 1.15, 1.39, 1.8, 1.81, 1.81, 2.05, 2.11, 2.12]"
S3b,CH3O,23,-557.856393,-2.6747,272330.5,True,59,1.891,unknown,"[1.11, 1.12, 1.18, 1.38, 1.78, 1.83, 1.83, 2.05, 2.1, 2.16]"
S3b,CH3O,71,-557.856251,-2.6746,272472.5,True,54,1.968,unknown,"[1.11, 1.11, 1.14, 1.4, 1.8, 1.8, 1.81, 2.04, 2.1, 2.12]"
S3b,CH3O,195,-557.855837,-2.6741,272885.9,True,65,2.198,unknown,"[1.11, 1.11, 1.15, 1.39, 1.79, 1.81, 1.81, 2.05, 2.11, 2.12]"
S3b,CH3O,69,-557.855796,-2.6741,272927.1,True,52,1.969,unknown,"[1.11, 1.11, 1.14, 1.4, 1.8, 1.8, 1.8, 2.04, 2.1, 2.12]"
S3b,CH3O,222,-557.85548,-2.6738,273243.8,True,68,1.814,unknown,"[1.11, 1.11, 1.2, 1.38, 1.74, 1.8, 1.87, 2.05, 2.12, 2.18]"
S3b,CH3O,84,-557.855478,-2.6738,273245.5,True,69,1.958,unknown,"[1.11, 1.12, 1.17, 1.38, 1.8, 1.8, 1.82, 2.05, 2.1, 2.15]"
S3b,CH3O,104,-557.855355,-2.6737,273368.4,True,82,2.641,unknown,"[1.11, 1.12, 1.17, 1.38, 1.79, 1.82, 1.82, 2.04, 2.1, 2.15]"
S3b,CH3O,105,-557.855232,-2.6735,273490.9,True,76,1.963,unknown,"[1.11, 1.11, 1.13, 1.41, 1.8, 1.8, 1.8, 2.04, 2.11, 2.12]"
S3b,CH3O,206,-557.855008,-2.6733,273715.2,True,56,1.979,unknown,"[1.11, 1.11, 1.13, 1.41, 1.8, 1.8, 1.81, 2.04, 2.1, 2.12]"
S3b,CH3O,183,-557.854987,-2.6733,273736.5,True,93,1.97,unknown,"[1.11, 1.12, 1.15, 1.39, 1.8, 1.81, 1.81, 2.04, 2.11, 2.12]"
S3b,CH3O,78,-557.854804,-2.6731,273919.1,True,65,1.958,unknown,"[1.11, 1.12, 1.17, 1.38, 1.8, 1.81, 1.83, 2.05, 2.1, 2.15]"
S3b,CH3O,47,-557.854667,-2.673,274056.1,True,84,1.914,unknown,"[1.11, 1.12, 1.18, 1.38, 1.78, 1.82, 1.82, 2.05, 2.1, 2.16]"
S3b,CH3O,30,-557.854451,-2.6728,274271.9,True,77,1.973,unknown,"[1.11, 1.12, 1.18, 1.38, 1.79, 1.82, 1.82, 2.05, 2.1, 2.15]"
S3b,CH3O,201,-557.854411,-2.6727,274312.5,True,53,1.972,unknown,"[1.11, 1.11, 1.13, 1.4, 1.8, 1.8, 1.81, 2.04, 2.1, 2.12]"
S3b,CH3O,36,-557.854403,-2.6727,274320.4,True,78,1.972,unknown,"[1.11, 1.12, 1.17, 1.38, 1.79, 1.82, 1.82, 2.04, 2.11, 2.15]"
S3b,CH3O,138,-557.854304,-2.6726,274419.0,True,53,1.973,unknown,"[1.11, 1.11, 1.13, 1.4, 1.8, 1.8, 1.8, 2.04, 2.1, 2.12]"
S3b,CH3O,39,-557.854028,-2.6723,274695.3,True,69,1.977,unknown,"[1.11, 1.12, 1.16, 1.39, 1.8, 1.81, 1.82, 2.05, 2.1, 2.14]"
S3b,CH3O,5,-557.853963,-2.6723,274760.3,True,54,2.828,unknown,"[1.11, 1.11, 1.13, 1.41, 1.8, 1.8, 1.8, 2.04, 2.1, 2.12]"
S3b,CH3O,107,-557.853619,-2.6719,275104.0,True,66,2.223,unknown,"[1.11, 1.12, 1.15, 1.39, 1.8, 1.81, 1.81, 2.05, 2.11, 2.12]"
S3b,CH3O,169,-557.853613,-2.6719,275110.3,True,76,1.962,unknown,"[1.11, 1.11, 1.13, 1.41, 1.8, 1.8, 1.8, 2.04, 2.11, 2.12]"
S3b,CH3O,12,-557.852958,-2.6713,275765.4,True,62,1.922,unknown,"[1.11, 1.12, 1.18, 1.38, 1.79, 1.81, 1.83, 2.05, 2.1, 2.16]"
S3b,CH3O,95,-557.852946,-2.6713,275777.7,True,81,1.883,unknown,"[1.11, 1.11, 1.18, 1.38, 1.77, 1.82, 1.83, 2.05, 2.11, 2.16]"
S3b,CH3O,203,-557.852892,-2.6712,275830.9,True,53,1.971,unknown,"[1.11, 1.11, 1.13, 1.41, 1.8, 1.8, 1.8, 2.05, 2.1, 2.12]"
S3b,CH3O,189,-557.852677,-2.671,276046.8,True,75,1.963,unknown,"[1.11, 1.12, 1.13, 1.41, 1.8, 1.8, 1.8, 2.04, 2.11, 2.12]"
S3b,CH3O,121,-557.852427,-2.6707,276296.4,True,45,1.969,unknown,"[1.11, 1.12, 1.15, 1.39, 1.8, 1.81, 1.82, 2.05, 2.11, 2.11]"
S3b,CH3O,192,-557.85226,-2.6706,276463.4,True,44,1.972,unknown,"[1.11, 1.12, 1.15, 1.39, 1.8, 1.81, 1.81, 2.05, 2.1, 2.13]"
S3b,CH3O,207,-557.852223,-2.6705,276500.5,True,62,1.926,unknown,"[1.11, 1.12, 1.17, 1.38, 1.79, 1.81, 1.83, 2.05, 2.1, 2.16]"
S3b,CH3O,231,-557.851963,-2.6703,276759.9,True,65,1.807,unknown,"[1.11, 1.11, 1.2, 1.38, 1.74, 1.81, 1.87, 2.05, 2.12, 2.18]"
S3b,CH3O,185,-557.851869,-2.6702,276854.0,True,54,1.981,unknown,"[1.11, 1.11, 1.13, 1.41, 1.8, 1.8, 1.81, 2.05, 2.11, 2.12]"
S3b,CH3O,227,-557.851786,-2.6701,276937.1,True,81,1.875,unknown,"[1.11, 1.11, 1.18, 1.38, 1.77, 1.81, 1.83, 2.05, 2.11, 2.16]"
S3b,CH3O,125,-557.851456,-2.6698,277267.2,True,44,2.179,unknown,"[1.11, 1.11, 1.15, 1.39, 1.8, 1.81, 1.81, 2.04, 2.11, 2.12]"
S3b,CH3O,144,-557.851365,-2.6697,277358.7,True,61,1.934,unknown,"[1.11, 1.12, 1.17, 1.38, 1.79, 1.81, 1.83, 2.04, 2.1, 2.15]"
S3b,CH3O,82,-557.850807,-2.6691,277916.6,True,90,1.96,unknown,"[1.11, 1.12, 1.14, 1.4, 1.8, 1.81, 1.81, 2.04, 2.11, 2.11]"
S3b,CH3O,153,-557.850666,-2.669,278057.0,True,92,2.797,unknown,"[1.11, 1.12, 1.16, 1.39, 1.8, 1.81, 1.82, 2.05, 2.11, 2.13]"
S3b,CH3O,33,-557.850553,-2.6689,278170.2,True,53,1.99,unknown,"[1.11, 1.11, 1.2, 1.38, 1.74, 1.81, 1.85, 2.05, 2.11, 2.19]"
S3b,CH3O,52,-557.850048,-2.6684,278675.5,True,45,1.969,unknown,"[1.11, 1.12, 1.15, 1.39, 1.8, 1.82, 1.82, 2.05, 2.11, 2.11]"
S3b,CH3O,148,-557.849926,-2.6682,278796.9,True,61,1.97,unknown,"[1.11, 1.11, 1.15, 1.39, 1.8, 1.81, 1.82, 2.04, 2.11, 2.12]"
S3b,CH3O,238,-557.849794,-2.6681,278929.4,True,64,1.972,unknown,"[1.11, 1.11, 1.15, 1.4, 1.8, 1.81, 1.81, 2.04, 2.11, 2.12]"
S3b,CH3O,245,-557.849707,-2.668,279015.9,True,82,1.929,unknown,"[1.11, 1.12, 1.18, 1.38, 1.79, 1.82, 1.82, 2.05, 2.1, 2.16]"
S3b,CH3O,59,-557.848506,-2.6668,280217.7,True,45,2.197,unknown,"[1.11, 1.11, 1.15, 1.39, 1.8, 1.8, 1.81, 2.04, 2.11, 2.12]"
S3b,CH3O,215,-557.847047,-2.6654,281676.5,True,67,2.256,unknown,"[1.11, 1.11, 1.15, 1.4, 1.8, 1.81, 1.81, 2.05, 2.11, 2.12]"
S3b,CH3O,250,-557.846972,-2.6653,281751.4,True,45,1.969,unknown,"[1.11, 1.12, 1.14, 1.39, 1.8, 1.82, 1.82, 2.05, 2.11, 2.11]"
S3b,CH3O,63,-557.846948,-2.6653,281775.7,True,40,1.972,unknown,"[1.11, 1.13, 1.15, 1.39, 1.8, 1.81, 1.82, 2.05, 2.11, 2.12]"
S3b,CH3O,221,-557.846151,-2.6645,282572.8,True,55,1.922,unknown,"[1.11, 1.11, 1.17, 1.39, 1.78, 1.81, 1.82, 2.05, 2.11, 2.16]"
S3b,CH3O,22,-557.84611,-2.6644,282613.1,True,64,1.986,unknown,"[1.11, 1.11, 1.18, 1.38, 1.76, 1.82, 1.83, 2.05, 2.11, 2.17]"
S3b,CH3O,37,-557.845467,-2.6638,283256.2,True,71,1.967,unknown,"[1.11, 1.11, 1.14, 1.4, 1.8, 1.8, 1.81, 2.04, 2.11, 2.12]"
S3b,CH3O,225,-557.843956,-2.6623,284767.2,True,55,1.897,unknown,"[1.11, 1.11, 1.18, 1.39, 1.77, 1.81, 1.83, 2.05, 2.1, 2.16]"
S3b,CH3O,152,-557.842933,-2.6612,285790.3,True,67,2.316,unknown,"[1.11, 1.11, 1.14, 1.4, 1.79, 1.8, 1.81, 2.05, 2.11, 2.11]"
S3b,CH3O,208,-557.842651,-2.661,286072.5,True,67,1.972,unknown,"[1.11, 1.11, 1.14, 1.4, 1.79, 1.81, 1.81, 2.05, 2.11, 2.12]"
S3b,CH3O,130,-557.842576,-2.6609,286147.8,True,35,1.971,unknown,"[1.11, 1.12, 1.15, 1.39, 1.79, 1.81, 1.82, 2.05, 2.11, 2.13]"
S3b,CH3O,127,-557.842354,-2.6607,286368.9,True,77,2.847,unknown,"[1.11, 1.12, 1.14, 1.4, 1.8, 1.81, 1.82, 2.05, 2.11, 2.12]"
S3b,CH3O,93,-557.841854,-2.6602,286869.1,True,56,1.917,unknown,"[1.11, 1.11, 1.17, 1.39, 1.78, 1.81, 1.82, 2.05, 2.1, 2.16]"
S3b,CH3O,163,-557.841789,-2.6601,286933.9,True,58,1.969,unknown,"[1.11, 1.11, 1.14, 1.4, 1.8, 1.8, 1.81, 2.05, 2.11, 2.12]"
S3b,CH3O,27,-557.841443,-2.6597,287280.8,True,53,1.899,unknown,"[1.11, 1.11, 1.18, 1.39, 1.77, 1.81, 1.82, 2.05, 2.11, 2.16]"
S3b,CH3O,219,-557.840902,-2.6592,287821.0,True,57,1.841,unknown,"[1.11, 1.11, 1.19, 1.38, 1.76, 1.81, 1.84, 2.05, 2.11, 2.18]"
S3b,CH3O,123,-557.840796,-2.6591,287927.4,True,65,2.412,unknown,"[1.11, 1.13, 1.14, 1.4, 1.8, 1.81, 1.82, 2.05, 2.11, 2.11]"
S3b,CH3O,234,-557.840756,-2.6591,287967.0,True,64,1.962,unknown,"[1.11, 1.13, 1.14, 1.4, 1.8, 1.81, 1.82, 2.05, 2.11, 2.12]"
S3b,CH3O,96,-557.840629,-2.6589,288094.8,True,61,1.971,unknown,"[1.11, 1.11, 1.14, 1.4, 1.8, 1.8, 1.81, 2.04, 2.1, 2.12]"
S3b,CH3O,20,-557.840126,-2.6584,288597.5,True,67,2.878,unknown,"[1.11, 1.11, 1.14, 1.4, 1.79, 1.81, 1.81, 2.05, 2.11, 2.11]"
S3b,CH3O,88,-557.838805,-2.6571,289918.1,True,54,1.954,unknown,"[1.11, 1.11, 1.17, 1.39, 1.78, 1.81, 1.82, 2.05, 2.11, 2.15]"
S3b,CH3O,132,-557.838801,-2.6571,289922.8,True,58,1.97,unknown,"[1.11, 1.12, 1.16, 1.39, 1.8, 1.81, 1.82, 2.05, 2.1, 2.13]"
S3b,CH3O,197,-557.838672,-2.657,290051.7,True,56,1.963,unknown,"[1.11, 1.12, 1.14, 1.4, 1.8, 1.81, 1.81, 2.04, 2.11, 2.12]"
S3b,CH3O,114,-557.836312,-2.6546,292411.3,True,83,2.188,unknown,"[1.11, 1.12, 1.15, 1.39, 1.8, 1.81, 1.82, 2.04, 2.11, 2.12]"
S3b,CH3O,122,-557.836258,-2.6546,292465.2,True,77,1.964,unknown,"[1.11, 1.13, 1.14, 1.39, 1.8, 1.81, 1.82, 2.05, 2.11, 2.12]"
S3b,CH3O,240,-557.836193,-2.6545,292530.8,True,64,1.958,unknown,"[1.11, 1.13, 1.13, 1.4, 1.8, 1.81, 1.82, 2.05, 2.11, 2.12]"
S3b,CH3O,229,-557.83544,-2.6537,293283.1,True,60,1.969,unknown,"[1.11, 1.11, 1.14, 1.4, 1.8, 1.81, 1.81, 2.05, 2.11, 2.12]"
S3b,CH3O,48,-557.834679,-2.653,294044.5,True,81,2.181,unknown,"[1.11, 1.12, 1.15, 1.39, 1.8, 1.81, 1.82, 2.04, 2.11, 2.12]"
S3b,CH3O,194,-557.833915,-2.6522,294808.7,True,37,1.961,unknown,"[1.11, 1.12, 1.12, 1.41, 1.79, 1.81, 1.81, 2.04, 2.11, 2.11]"
S3b,CH3O,252,-557.833349,-2.6517,295373.9,True,55,1.974,unknown,"[1.11, 1.11, 1.16, 1.39, 1.8, 1.8, 1.82, 2.05, 2.11, 2.14]"
S3b,CH3O,210,-557.832675,-2.651,296048.6,True,75,1.963,unknown,"[1.11, 1.12, 1.15, 1.39, 1.8, 1.81, 1.81, 2.04, 2.11, 2.12]"
S3b,CH3O,244,-557.832264,-2.6506,296459.1,True,80,2.282,unknown,"[1.11, 1.12, 1.14, 1.39, 1.8, 1.81, 1.81, 2.05, 2.11, 2.11]"
S3b,CH3O,139,-557.830525,-2.6488,298198.1,True,108,1.967,unknown,"[1.11, 1.12, 1.13, 1.4, 1.79, 1.81, 1.81, 2.04, 2.11, 2.11]"
S3b,CH3O,256,-557.828459,-2.6468,300264.7,True,38,1.967,unknown,"[1.11, 1.12, 1.12, 1.4, 1.79, 1.81, 1.81, 2.04, 2.11, 2.11]"
S3b,CH3O,142,-557.827512,-2.6458,301211.1,True,74,2.242,unknown,"[1.11, 1.12, 1.15, 1.39, 1.8, 1.81, 1.81, 2.04, 2.11, 2.11]"
S3b,CH3O,61,-557.824282,-2.6426,304441.4,True,44,1.967,unknown,"[1.11, 1.11, 1.12, 1.41, 1.79, 1.8, 1.8, 2.04, 2.11, 2.11]"
S3b,CH3O,10,-557.82359,-2.6419,305132.9,True,75,3.229,unknown,"[1.11, 1.12, 1.14, 1.39, 1.8, 1.81, 1.81, 2.04, 2.11, 2.11]"
S3b,CH3O,176,-557.821618,-2.6399,307105.2,True,66,1.966,unknown,"[1.11, 1.12, 1.12, 1.41, 1.79, 1.8, 1.81, 2.05, 2.1, 2.11]"
S3b,CH3O,134,-557.820689,-2.639,308034.8,True,68,1.876,unknown,"[1.11, 1.11, 1.18, 1.39, 1.76, 1.81, 1.84, 2.05, 2.12, 2.16]"
S3b,CH3O,50,-557.820255,-2.6386,308468.6,True,80,2.368,unknown,"[1.11, 1.12, 1.14, 1.4, 1.8, 1.81, 1.81, 2.04, 2.11, 2.11]"
S3b,CH3O,2,-557.817193,-2.6355,311530.6,True,67,3.438,unknown,"[1.11, 1.12, 1.14, 1.39, 1.8, 1.81, 1.81, 2.04, 2.11, 2.12]"
S3b,CH3O,196,-557.812606,-2.6309,316117.2,True,62,1.958,unknown,"[1.11, 1.13, 1.13, 1.39, 1.8, 1.81, 1.81, 2.04, 2.11, 2.12]"
S3b,CH3O,133,-557.810199,-2.6285,318524.5,True,36,1.988,atop,"[1.11, 1.16, 1.16, 1.38, 1.78, 1.79, 1.88, 2.08, 2.13, 2.14]"
S3b,CH3O,162,-557.807084,-2.6254,321639.0,True,76,1.859,unknown,"[1.11, 1.11, 1.17, 1.38, 1.78, 1.79, 1.82, 2.07, 2.08, 2.17]"
S3b,CH3O,254,-557.806288,-2.6246,322435.2,True,72,1.817,unknown,"[1.11, 1.11, 1.2, 1.38, 1.74, 1.8, 1.88, 2.06, 2.12, 2.17]"
S3b,CH3O,257,-557.739088,-2.5574,389635.5,True,37,1.962,unknown,"[1.11, 1.12, 1.12, 1.41, 1.79, 1.8, 1.81, 2.05, 2.11, 2.11]"
S3b,CH3O,191,-557.679688,-2.498,449035.5,True,40,1.963,unknown,"[1.11, 1.12, 1.12, 1.42, 1.78, 1.8, 1.81, 2.06, 2.11, 2.13]"
S3b,CH3O,60,-557.65759,-2.4759,471133.3,True,39,1.969,unknown,"[1.11, 1.11, 1.12, 1.42, 1.79, 1.8, 1.8, 2.06, 2.12, 2.13]"
S4,CO,7,-756.594638,-3.3231,0.0,True,153,4.045,atop,[1.18]
S4,CO,80,-756.579224,-3.3077,15413.4,True,194,1.179,unknown,[1.18]
S4,CO,33,-756.573887,-3.3023,20750.9,True,166,3.265,atop,[1.18]
S4,CO,76,-756.564212,-3.2927,30425.5,True,164,1.179,unknown,[1.18]
S4,CO,13,-756.553217,-3.2817,41420.8,True,144,4.069,atop,[1.18]
S4,CO,61,-756.525944,-3.2544,68693.4,True,88,1.178,unknown,[1.18]
S4,CO,30,-756.573459,-3.3019,261414.8,True,255,3.15,atop,[1.18]
S4,CO,71,-754.030244,-0.7587,1079916.8,True,206,1.278,atop,[1.2]
S4,CO,5,-756.573887,-3.3023,1122563.0,True,200,1.298,atop,[1.22]
S4,CO,82,-756.596007,-3.3245,1150233.3,True,528,1.303,atop,[1.2]
S4,CO,38,-756.571425,-3.2999,1154097.1,True,269,2.93,bridge,[1.25]
S4,CO,28,-756.573305,-3.3017,1375336.1,True,242,2.339,atop,[1.2]
S4,CO,91,-753.887727,-0.6162,1516181.6,True,200,1.295,atop,[1.2]
S4,CO,47,-756.559982,-3.2884,1537058.5,True,469,1.331,atop,[1.2]
S4,CO,51,-756.563667,-3.2921,2082733.7,True,407,1.674,atop,[1.17]
S4,CO,32,-756.581158,-3.3096,2093282.3,True,368,1.905,atop,[1.16]
S4,CO,112,-753.469445,-0.1979,2095367.2,True,200,2.013,atop,[1.25]
S4,CO,3,-756.577967,-3.3064,2103916.1,True,200,2.783,unknown,[1.17]
S4,CO,115,-753.467271,-0.1957,2108218.9,True,200,2.009,atop,[1.16]
S4,CO,46,-756.139502,-2.8679,2111058.8,False,600,1.975,unknown,[1.16]
S4,CO,117,-753.466865,-0.1953,2112518.6,True,200,1.898,atop,[1.17]
S4,CO,34,-756.57512,-3.3036,2122737.7,True,265,3.347,atop,[1.17]
S4,CO,113,-753.4675,-0.1959,2123895.6,True,200,1.978,atop,[1.16]
S4,CO,75,-754.01839,-0.7468,2131661.6,True,200,1.992,atop,[1.16]
S4,CO,29,-756.588414,-3.3169,2136304.2,True,243,2.833,unknown,[1.15]
S4,CO,74,-754.021445,-0.7499,2145926.5,True,200,2.007,atop,[1.16]
S4,CO,126,-753.440188,-0.1686,2146469.7,True,200,1.945,unknown,[1.15]
S4,CO,87,-753.984049,-0.7125,2150766.2,True,200,1.941,unknown,[1.15]
S4,CO,116,-753.467093,-0.1955,2160602.5,True,200,1.94,unknown,[1.15]
S4,CO,49,-754.374749,-1.1032,2168186.1,False,600,1.93,unknown,[1.14]
S4,CO,86,-754.057112,-0.7856,2537525.7,True,94,3.141,bridge,[1.15]
S4,CO,120,-754.045244,-0.7737,2549393.9,True,93,3.405,bridge,[1.15]
S4,CO,36,-754.043557,-0.772,2551080.2,True,91,3.205,hollow,[1.15]
S4,CO,78,-754.0341,-0.7625,2560537.6,True,83,3.216,hollow,[1.15]
S4,CO,1,-754.021762,-0.7502,2572875.8,True,69,4.277,atop,[1.15]
S4,CO,109,-754.005838,-0.7343,2588799.9,True,70,3.029,atop,[1.15]
S4,CO,24,-754.004851,-0.7333,2589786.4,True,94,3.05,bridge,[1.15]
S4,CO,55,-754.057112,-0.7856,2593789.3,True,200,2.933,atop,[1.16]
S4,CO,19,-753.992942,-0.7214,2601695.2,True,168,3.729,atop,[1.15]
S4,CO,12,-753.984049,-0.7125,2610588.6,True,97,3.584,atop,[1.15]
S4,CO,52,-753.893984,-0.6224,2700653.6,True,53,3.254,atop,[1.14]
S4,CO,10,-753.882789,-0.6112,2711848.4,True,45,3.232,atop,[1.14]
S4,CO,68,-754.032983,-0.7614,2892164.4,True,200,1.934,atop,[1.16]
S4,CO,20,-753.501042,-0.2295,3093595.3,True,33,3.191,bridge,[1.15]
S4,CO,127,-753.487482,-0.2159,3107156.0,True,32,3.086,atop,[1.15]
S4,CO,14,-753.483372,-0.2118,3111266.0,True,35,3.252,atop,[1.15]
S4,CO,128,-753.471853,-0.2003,3122784.7,True,30,2.982,bridge,[1.15]
S4,CO,35,-753.464003,-0.1924,3130634.1,True,31,3.339,hollow,[1.15]
S4,CO,103,-753.487461,-0.2159,3141092.1,True,200,2.094,atop,[1.17]
S4,CO,65,-753.447121,-0.1756,3147516.3,True,34,2.839,atop,[1.15]
S4,CO,59,-753.441898,-0.1703,3152740.0,True,34,2.84,atop,[1.15]
S4,CO,11,-756.570448,-3.2989,3183535.3,True,200,3.015,atop,[1.17]
S4,CH3O,65,-768.77571,-5.7132,0.0,True,151,0.977,unknown,"[1.11, 1.23, 2.06, 2.1, 2.49, 2.66, 2.74, 2.95, 3.49, 3.91]"
S4,CH3O,120,-767.258794,-4.1962,1516915.9,True,175,0.983,unknown,"[1.11, 1.12, 1.24, 1.94, 2.02, 2.07, 2.11, 3.31, 3.75, 4.17]"
S4,CH3O,112,-767.258789,-4.1962,1516920.6,True,189,0.983,unknown,"[1.11, 1.13, 1.24, 1.95, 2.02, 2.07, 2.09, 3.28, 3.71, 4.15]"
S4,CH3O,369,-767.257663,-4.1951,1518046.9,True,169,0.983,unknown,"[1.11, 1.12, 1.24, 1.94, 2.02, 2.07, 2.13, 3.32, 3.77, 4.19]"
S4,CH3O,260,-767.257539,-4.195,1518170.5,True,184,0.984,unknown,"[1.11, 1.12, 1.24, 1.94, 2.02, 2.07, 2.09, 3.28, 3.71, 4.15]"
S4,CH3O,241,-767.257287,-4.1947,1518422.2,True,171,1.846,unknown,"[1.11, 1.12, 1.24, 1.94, 2.02, 2.07, 2.12, 3.31, 3.75, 4.18]"
S4,CH3O,364,-767.256522,-4.194,1519187.3,True,192,0.984,unknown,"[1.11, 1.13, 1.24, 1.94, 2.02, 2.07, 2.07, 3.26, 3.7, 4.14]"
S4,CH3O,8,-767.256262,-4.1937,1519447.4,True,186,2.581,atop,"[1.11, 1.12, 1.24, 1.95, 2.02, 2.07, 2.08, 3.27, 3.7, 4.14]"
S4,CH3O,131,-767.255554,-4.193,1520155.8,True,182,0.983,unknown,"[1.11, 1.12, 1.24, 1.94, 2.02, 2.07, 2.09, 3.28, 3.71, 4.16]"
S4,CH3O,134,-767.254813,-4.1923,1520896.6,True,180,0.984,unknown,"[1.11, 1.12, 1.24, 1.94, 2.02, 2.07, 2.09, 3.28, 3.71, 4.15]"
S4,CH3O,271,-767.254316,-4.1918,1521393.6,True,197,0.984,unknown,"[1.11, 1.12, 1.24, 1.95, 2.02, 2.07, 2.08, 3.27, 3.7, 4.14]"
S4,CH3O,127,-767.25339,-4.1908,1522319.3,True,164,1.835,unknown,"[1.11, 1.13, 1.24, 1.94, 2.02, 2.07, 2.1, 3.29, 3.73, 4.16]"
S4,CH3O,211,-767.252842,-4.1903,1522867.4,True,169,0.983,unknown,"[1.11, 1.13, 1.24, 1.95, 2.02, 2.07, 2.12, 3.32, 3.78, 4.17]"
S4,CH3O,130,-767.252779,-4.1902,1522930.6,True,160,0.984,unknown,"[1.11, 1.13, 1.24, 1.94, 2.02, 2.07, 2.1, 3.3, 3.75, 4.16]"
S4,CH3O,358,-767.252075,-4.1895,1523634.7,True,162,1.84,unknown,"[1.11, 1.13, 1.24, 1.94, 2.02, 2.07, 2.08, 3.27, 3.72, 4.14]"
S4,CH3O,283,-767.252037,-4.1895,1523672.2,True,193,0.984,unknown,"[1.11, 1.12, 1.24, 1.94, 2.02, 2.07, 2.08, 3.27, 3.71, 4.14]"
S4,CH3O,240,-767.251776,-4.1892,1523933.8,True,170,0.984,unknown,"[1.11, 1.12, 1.24, 1.95, 2.02, 2.06, 2.07, 3.26, 3.68, 4.13]"
S4,CH3O,297,-767.251681,-4.1891,1524028.1,True,167,0.983,unknown,"[1.11, 1.13, 1.24, 1.94, 2.02, 2.07, 2.12, 3.31, 3.75, 4.18]"
S4,CH3O,383,-767.25136,-4.1888,1524349.8,True,186,0.984,unknown,"[1.11, 1.13, 1.24, 1.94, 2.02, 2.06, 2.07, 3.26, 3.7, 4.12]"
S4,CH3O,97,-767.251319,-4.1888,1524390.3,True,161,0.983,unknown,"[1.11, 1.13, 1.24, 1.95, 2.02, 2.07, 2.12, 3.31, 3.77, 4.17]"
S4,CH3O,223,-767.251111,-4.1886,1524598.3,True,161,0.983,unknown,"[1.11, 1.13, 1.24, 1.94, 2.02, 2.07, 2.14, 3.34, 3.79, 4.2]"
S4,CH3O,85,-767.250586,-4.188,1525123.3,True,161,0.983,unknown,"[1.11, 1.13, 1.24, 1.95, 2.02, 2.07, 2.13, 3.33, 3.78, 4.19]"
S4,CH3O,31,-767.249616,-4.1871,1526093.9,True,192,2.582,unknown,"[1.11, 1.12, 1.24, 1.94, 2.02, 2.07, 2.07, 3.26, 3.69, 4.13]"
S4,CH3O,19,-767.248715,-4.1862,1526994.8,True,193,2.584,atop,"[1.11, 1.12, 1.24, 1.94, 2.02, 2.07, 2.07, 3.26, 3.7, 4.13]"
S4,CH3O,256,-767.247927,-4.1854,1527782.4,True,156,0.983,unknown,"[1.11, 1.13, 1.24, 1.95, 2.02, 2.07, 2.1, 3.29, 3.74, 4.16]"
S4,CH3O,229,-764.895481,-1.8329,1537963.2,True,200,0.985,unknown,"[1.11, 1.12, 1.24, 1.95, 2.01, 2.05, 2.06, 3.24, 3.69, 4.1]"
S4,CH3O,91,-766.874386,-3.8118,1541469.1,True,200,0.984,unknown,"[1.11, 1.12, 1.24, 1.94, 2.02, 2.04, 2.06, 3.23, 3.68, 4.09]"
S4,CH3O,280,-764.887549,-1.825,1543380.3,True,200,0.984,unknown,"[1.11, 1.12, 1.24, 1.94, 2.02, 2.04, 2.06, 3.23, 3.68, 4.1]"
S4,CH3O,317,-767.232021,-4.1695,1543688.8,True,142,0.982,unknown,"[1.1, 1.11, 1.25, 1.9, 2.02, 2.07, 2.67, 3.66, 4.19, 4.29]"
S4,CH3O,44,-767.222501,-4.16,1553208.4,True,127,2.179,atop,"[1.1, 1.11, 1.25, 1.91, 2.01, 2.07, 2.67, 3.64, 4.14, 4.31]"
S4,CH3O,188,-767.222418,-4.1599,1553292.0,True,128,0.982,unknown,"[1.1, 1.11, 1.24, 1.91, 2.01, 2.07, 2.65, 3.63, 4.13, 4.3]"
S4,CH3O,170,-767.22094,-4.1584,1554769.1,True,124,2.183,atop,"[1.1, 1.11, 1.24, 1.91, 2.01, 2.06, 2.66, 3.63, 4.12, 4.31]"
S4,CH3O,16,-767.25339,-4.1908,1555137.2,True,200,2.583,unknown,"[1.11, 1.12, 1.24, 1.94, 2.02, 2.05, 2.06, 3.23, 3.64, 4.1]"
S4,CH3O,266,-767.217516,-4.155,1558193.2,True,145,0.982,unknown,"[1.1, 1.11, 1.24, 1.91, 2.01, 2.06, 2.59, 3.55, 4.03, 4.25]"
S4,CH3O,189,-767.217079,-4.1545,1558630.1,True,155,0.982,unknown,"[1.1, 1.11, 1.24, 1.91, 2.01, 2.06, 2.59, 3.56, 4.03, 4.25]"
S4,CH3O,329,-767.21573,-4.1532,1559979.9,True,149,0.981,unknown,"[1.1, 1.11, 1.24, 1.91, 2.02, 2.06, 2.6, 3.58, 4.07, 4.27]"
S4,CH3O,347,-767.215498,-4.153,1560211.2,True,129,0.982,unknown,"[1.1, 1.11, 1.24, 1.91, 2.01, 2.07, 2.61, 3.58, 4.05, 4.27]"
S4,CH3O,278,-767.215248,-4.1527,1560461.2,True,143,0.982,unknown,"[1.1, 1.11, 1.24, 1.91, 2.01, 2.06, 2.58, 3.54, 4.01, 4.24]"
S4,CH3O,26,-767.215191,-4.1526,1560518.6,True,141,2.487,unknown,"[1.1, 1.11, 1.24, 1.91, 2.01, 2.06, 2.58, 3.54, 4.02, 4.23]"
S4,CH3O,152,-767.214694,-4.1521,1561015.9,True,141,0.982,unknown,"[1.1, 1.11, 1.24, 1.91, 2.01, 2.06, 2.58, 3.54, 4.01, 4.24]"
S4,CH3O,287,-767.214427,-4.1519,1561282.2,True,140,0.981,unknown,"[1.1, 1.11, 1.24, 1.91, 2.01, 2.06, 2.65, 3.59, 4.05, 4.29]"
S4,CH3O,310,-767.21426,-4.1517,1561449.9,True,180,0.981,unknown,"[1.1, 1.11, 1.24, 1.91, 2.02, 2.06, 2.61, 3.57, 4.04, 4.26]"
S4,CH3O,95,-767.214013,-4.1515,1561696.1,True,126,0.982,unknown,"[1.1, 1.11, 1.24, 1.91, 2.01, 2.07, 2.6, 3.56, 4.03, 4.26]"
S4,CH3O,167,-767.213563,-4.151,1562146.1,True,136,2.182,atop,"[1.1, 1.11, 1.24, 1.91, 2.01, 2.06, 2.63, 3.58, 4.03, 4.29]"
S4,CH3O,122,-767.213055,-4.1505,1562654.7,True,133,0.982,unknown,"[1.1, 1.11, 1.24, 1.91, 2.01, 2.06, 2.57, 3.53, 3.98, 4.25]"
S4,CH3O,209,-767.212006,-4.1495,1563703.2,True,147,2.178,atop,"[1.1, 1.11, 1.24, 1.91, 2.01, 2.06, 2.56, 3.52, 3.97, 4.25]"
S4,CH3O,83,-767.211691,-4.1491,1564018.3,True,124,0.981,unknown,"[1.1, 1.11, 1.24, 1.91, 2.01, 2.07, 2.6, 3.55, 4.02, 4.25]"
S4,CH3O,35,-767.210974,-4.1484,1564735.9,True,137,2.344,atop,"[1.1, 1.11, 1.24, 1.91, 2.01, 2.06, 2.64, 3.58, 4.02, 4.28]"
S4,CH3O,40,-767.209912,-4.1474,1565797.1,True,150,2.179,atop,"[1.1, 1.11, 1.24, 1.91, 2.02, 2.06, 2.59, 3.54, 4.0, 4.24]"
S4,CH3O,45,-767.206187,-4.1436,1569522.1,True,149,2.523,unknown,"[1.1, 1.11, 1.24, 1.91, 2.01, 2.06, 2.57, 3.54, 3.98, 4.28]"
S4,CH3O,327,-767.205571,-4.143,1570138.6,True,156,0.981,unknown,"[1.1, 1.11, 1.24, 1.91, 2.01, 2.06, 2.57, 3.53, 3.95, 4.29]"
S4,CH3O,161,-767.205426,-4.1429,1570284.0,True,132,0.981,unknown,"[1.1, 1.11, 1.24, 1.91, 2.01, 2.07, 2.66, 3.57, 4.01, 4.26]"
S4,CH3O,76,-767.204997,-4.1424,1570712.5,True,151,0.981,unknown,"[1.1, 1.11, 1.24, 1.91, 2.01, 2.06, 2.55, 3.52, 3.93, 4.28]"
S4,CH3O,201,-767.204931,-4.1424,1570778.5,True,155,0.981,unknown,"[1.1, 1.11, 1.24, 1.92, 2.01, 2.06, 2.57, 3.53, 3.94, 4.28]"
S4,CH3O,38,-767.20468,-4.1421,1571029.6,True,135,2.359,atop,"[1.1, 1.11, 1.24, 1.91, 2.01, 2.06, 2.66, 3.57, 4.0, 4.27]"
S4,CH3O,14,-767.203844,-4.1413,1571865.4,True,117,2.5,unknown,"[1.1, 1.11, 1.24, 1.91, 2.02, 2.06, 2.59, 3.54, 3.99, 4.25]"
S4,CH3O,140,-767.203815,-4.1413,1571894.7,True,117,2.192,atop,"[1.1, 1.11, 1.24, 1.91, 2.01, 2.06, 2.6, 3.54, 3.99, 4.25]"
S4,CH3O,203,-767.202343,-4.1398,1573366.3,True,139,0.982,unknown,"[1.1, 1.11, 1.24, 1.91, 2.01, 2.06, 2.62, 3.55, 3.97, 4.28]"
S4,CH3O,173,-764.922384,-1.8598,1574150.6,True,200,0.981,unknown,"[1.1, 1.11, 1.24, 1.91, 2.02, 2.06, 2.56, 3.54, 3.95, 4.3]"
S4,CH3O,343,-764.458634,-1.3961,1597526.0,True,200,0.984,unknown,"[1.11, 1.11, 1.24, 1.93, 2.0, 2.02, 2.05, 3.14, 3.5, 4.04]"
S4,CH3O,296,-767.032823,-3.9703,1742886.8,True,155,0.986,unknown,"[1.12, 1.14, 1.22, 1.93, 2.04, 2.06, 2.2, 2.88, 2.9, 3.99]"
S4,CH3O,374,-767.019218,-3.9567,1756491.2,True,115,0.98,unknown,"[1.11, 1.11, 1.24, 1.91, 2.02, 2.05, 2.24, 2.85, 3.28, 3.5]"
S4,CH3O,185,-767.01151,-3.949,1764199.8,True,189,0.982,unknown,"[1.12, 1.12, 1.22, 1.9, 2.05, 2.05, 3.36, 4.35, 4.65, 5.24]"
S4,CH3O,238,-767.011244,-3.9487,1764466.0,True,110,0.98,unknown,"[1.11, 1.11, 1.24, 1.91, 2.03, 2.05, 2.26, 2.8, 3.15, 3.48]"
S4,CH3O,109,-767.009852,-3.9473,1765857.2,True,108,0.98,unknown,"[1.11, 1.11, 1.24, 1.91, 2.03, 2.05, 2.26, 2.8, 3.14, 3.49]"
S4,CH3O,366,-767.009536,-3.947,1766173.7,True,96,2.331,atop,"[1.11, 1.11, 1.24, 1.91, 2.03, 2.05, 2.27, 2.82, 3.14, 3.52]"
S4,CH3O,47,-767.006601,-3.9441,1769109.0,True,104,2.355,atop,"[1.12, 1.12, 1.23, 1.91, 1.96, 2.04, 2.05, 2.68, 2.74, 3.73]"
S4,CH3O,268,-767.005337,-3.9428,1770372.8,True,129,0.99,unknown,"[1.12, 1.12, 1.23, 1.91, 2.02, 2.04, 2.05, 2.93, 3.11, 3.96]"
S4,CH3O,107,-767.00528,-3.9427,1770429.8,True,98,2.351,atop,"[1.11, 1.11, 1.24, 1.91, 2.03, 2.05, 2.24, 2.78, 3.09, 3.51]"
S4,CH3O,253,-766.999482,-3.9369,1776227.9,True,96,2.348,atop,"[1.11, 1.11, 1.23, 1.91, 2.03, 2.05, 2.23, 2.73, 3.03, 3.44]"
S4,CH3O,154,-766.998822,-3.9363,1776887.5,True,141,0.986,unknown,"[1.11, 1.12, 1.22, 1.9, 2.04, 2.04, 2.16, 3.07, 3.28, 4.07]"
S4,CH3O,133,-766.98895,-3.9264,1786759.9,True,80,0.982,unknown,"[1.11, 1.11, 1.23, 1.91, 2.03, 2.05, 2.19, 2.67, 2.92, 3.41]"
S4,CH3O,7,-766.988634,-3.9261,1787075.5,True,84,2.534,atop,"[1.11, 1.11, 1.23, 1.91, 2.03, 2.05, 2.2, 2.67, 2.93, 3.39]"
S4,CH3O,142,-766.979698,-3.9171,1796011.6,True,120,0.985,unknown,"[1.11, 1.11, 1.23, 1.9, 2.04, 2.05, 2.16, 2.91, 3.12, 3.84]"
S4,CH3O,267,-764.890013,-1.8275,1882034.9,True,200,0.981,unknown,"[1.12, 1.12, 1.22, 1.89, 2.05, 2.06, 2.55, 3.22, 3.42, 4.1]"
S4,CH3O,305,-766.891611,-3.8291,1884098.2,True,156,0.98,unknown,"[1.12, 1.13, 1.22, 1.89, 2.05, 2.06, 3.43, 4.12, 4.41, 4.85]"
S4,CH3O,69,-766.888197,-3.8256,1887512.3,True,121,0.981,unknown,"[1.12, 1.12, 1.22, 1.92, 2.04, 2.05, 2.86, 2.95, 3.2, 3.43]"
S4,CH3O,103,-766.881874,-3.8193,1893835.2,True,98,0.982,unknown,"[1.12, 1.13, 1.22, 1.91, 2.04, 2.06, 2.96, 2.96, 3.22, 3.35]"
S4,CH3O,314,-766.881271,-3.8187,1894439.0,True,95,0.98,unknown,"[1.12, 1.13, 1.22, 1.92, 2.04, 2.06, 3.01, 3.09, 3.3, 3.56]"
S4,CH3O,166,-766.878662,-3.8161,1897047.8,True,129,2.565,atop,"[1.12, 1.12, 1.22, 1.9, 2.05, 2.05, 3.07, 3.32, 3.68, 3.78]"
S4,CH3O,191,-766.874386,-3.8118,1901323.9,True,124,0.981,unknown,"[1.12, 1.13, 1.22, 1.91, 2.04, 2.05, 3.05, 3.29, 3.59, 3.8]"
S4,CH3O,198,-766.872871,-3.8103,1902838.4,True,147,0.98,unknown,"[1.12, 1.13, 1.22, 1.9, 2.04, 2.05, 2.81, 3.48, 3.69, 4.35]"
S4,CH3O,316,-766.871681,-3.8091,1904028.9,True,122,0.98,unknown,"[1.12, 1.13, 1.22, 1.91, 2.04, 2.05, 3.08, 3.26, 3.56, 3.72]"
S4,CH3O,324,-766.868288,-3.8057,1907421.8,True,144,0.98,unknown,"[1.12, 1.13, 1.22, 1.91, 2.04, 2.05, 2.81, 3.44, 3.62, 4.31]"
S4,CH3O,51,-766.862812,-3.8003,1912897.8,True,125,0.981,unknown,"[1.12, 1.12, 1.22, 1.91, 2.04, 2.05, 2.97, 3.0, 3.19, 3.46]"
S4,CH3O,306,-766.857973,-3.7954,1917736.6,True,70,0.981,unknown,"[1.13, 1.13, 1.22, 1.92, 2.04, 2.05, 3.02, 3.13, 3.34, 3.63]"
S4,CH3O,48,-766.856713,-3.7942,1918996.1,True,69,0.98,unknown,"[1.13, 1.13, 1.22, 1.92, 2.04, 2.05, 3.02, 3.16, 3.38, 3.66]"
S4,CH3O,180,-766.855225,-3.7927,1920484.0,True,67,0.981,unknown,"[1.13, 1.13, 1.22, 1.92, 2.04, 2.06, 2.98, 3.1, 3.27, 3.63]"
S4,CH3O,178,-766.850314,-3.7878,1925395.2,True,124,0.98,unknown,"[1.12, 1.12, 1.22, 1.91, 2.04, 2.05, 2.94, 3.14, 3.33, 3.73]"
S4,CH3O,192,-766.849175,-3.7866,1926534.1,True,63,0.981,unknown,"[1.13, 1.13, 1.22, 1.92, 2.04, 2.05, 2.95, 3.04, 3.19, 3.58]"
S4,CH3O,174,-766.848302,-3.7858,1927407.2,True,64,0.981,unknown,"[1.13, 1.13, 1.22, 1.92, 2.05, 2.05, 2.94, 3.03, 3.18, 3.57]"
S4,CH3O,194,-766.842897,-3.7803,1932812.8,True,103,0.981,unknown,"[1.12, 1.13, 1.22, 1.91, 2.04, 2.06, 2.82, 3.23, 3.4, 4.53]"
S4,CH3O,176,-766.841754,-3.7792,1933955.8,True,100,0.98,unknown,"[1.12, 1.13, 1.22, 1.91, 2.04, 2.06, 2.83, 3.24, 3.41, 4.53]"
S4,CH3O,179,-766.840226,-3.7777,1935483.4,True,191,0.98,unknown,"[1.12, 1.12, 1.22, 1.9, 2.04, 2.06, 2.58, 2.84, 3.0, 4.06]"
S4,CH3O,321,-766.837445,-3.7749,1938264.2,True,100,0.981,unknown,"[1.12, 1.13, 1.22, 1.91, 2.04, 2.05, 2.7, 2.98, 3.1, 4.1]"
S4,CH3O,54,-766.835484,-3.7729,1940225.1,True,104,2.531,unknown,"[1.12, 1.12, 1.22, 1.9, 2.05, 2.05, 3.05, 3.06, 3.5, 4.71]"
S4,CH3O,50,-766.835194,-3.7726,1940515.1,True,96,2.249,unknown,"[1.12, 1.13, 1.22, 1.91, 2.04, 2.06, 2.72, 3.2, 3.35, 4.49]"
S4,CH3O,304,-766.832596,-3.77,1943113.4,True,131,0.981,unknown,"[1.12, 1.12, 1.22, 1.91, 2.04, 2.05, 3.01, 3.32, 3.4, 4.35]"
S4,CH3O,303,-766.832258,-3.7697,1943451.4,True,103,0.981,unknown,"[1.12, 1.13, 1.22, 1.91, 2.04, 2.06, 2.63, 3.02, 3.23, 4.42]"
S4,CH3O,165,-766.831987,-3.7694,1943722.8,True,114,2.568,atop,"[1.12, 1.12, 1.22, 1.9, 2.04, 2.05, 2.41, 2.98, 3.1, 4.26]"
S4,CH3O,177,-766.827773,-3.7652,1947936.5,True,101,0.981,unknown,"[1.12, 1.13, 1.22, 1.91, 2.04, 2.06, 2.61, 2.97, 3.2, 4.38]"
S4,CH3O,39,-766.824661,-3.7621,1951048.9,True,110,2.625,atop,"[1.12, 1.12, 1.22, 1.91, 2.04, 2.05, 2.43, 2.94, 3.04, 4.16]"
S4,CH3O,143,-766.821421,-3.7589,1954288.4,True,99,0.981,unknown,"[1.12, 1.12, 1.22, 1.9, 2.04, 2.05, 2.99, 3.31, 3.4, 4.34]"
S4,CH3O,318,-766.819569,-3.757,1956140.5,True,111,0.981,unknown,"[1.12, 1.12, 1.22, 1.91, 2.04, 2.04, 2.77, 3.12, 3.36, 4.54]"
S4,CH3O,153,-766.818264,-3.7557,1957446.0,True,171,0.981,unknown,"[1.12, 1.12, 1.22, 1.9, 2.05, 2.05, 2.97, 3.26, 3.48, 3.87]"
S4,CH3O,300,-766.817521,-3.755,1958188.1,True,104,0.981,unknown,"[1.12, 1.12, 1.22, 1.91, 2.04, 2.05, 2.93, 3.01, 3.39, 4.59]"
S4,CH3O,155,-766.816905,-3.7544,1958805.0,True,92,0.981,unknown,"[1.12, 1.12, 1.22, 1.9, 2.04, 2.05, 2.95, 3.27, 3.35, 4.28]"
S4,CH3O,141,-766.816756,-3.7542,1958953.2,True,160,0.98,unknown,"[1.12, 1.12, 1.22, 1.9, 2.05, 2.05, 3.14, 3.18, 3.47, 3.52]"
S4,CH3O,281,-766.814198,-3.7517,1961511.3,True,93,0.981,unknown,"[1.12, 1.12, 1.22, 1.9, 2.04, 2.05, 2.84, 3.22, 3.3, 4.29]"
S4,CH3O,29,-766.808643,-3.7461,1967066.1,True,89,0.981,unknown,"[1.12, 1.13, 1.22, 1.91, 2.04, 2.05, 2.91, 3.22, 3.32, 4.29]"
S4,CH3O,66,-766.807714,-3.7452,1967995.3,True,129,0.98,unknown,"[1.12, 1.12, 1.22, 1.91, 2.04, 2.05, 3.09, 3.25, 3.5, 4.57]"
S4,CH3O,158,-766.807185,-3.7446,1968524.3,True,107,0.98,unknown,"[1.12, 1.12, 1.22, 1.9, 2.05, 2.05, 3.38, 3.39, 3.45, 4.12]"
S4,CH3O,20,-766.807058,-3.7445,1968651.9,True,141,0.981,unknown,"[1.12, 1.12, 1.22, 1.91, 2.04, 2.05, 2.97, 3.12, 3.41, 4.53]"
S4,CH3O,272,-766.806038,-3.7435,1969671.8,True,113,0.981,unknown,"[1.12, 1.12, 1.22, 1.9, 2.05, 2.05, 3.38, 3.45, 3.5, 4.18]"
S4,CH3O,269,-766.805829,-3.7433,1969880.5,True,85,0.981,unknown,"[1.12, 1.12, 1.22, 1.9, 2.04, 2.05, 2.93, 3.18, 3.28, 4.22]"
S4,CH3O,55,-766.805716,-3.7432,1969993.1,True,119,0.981,unknown,"[1.12, 1.13, 1.22, 1.91, 2.04, 2.05, 3.14, 3.14, 3.34, 4.24]"
S4,CH3O,17,-766.805274,-3.7427,1970435.7,True,84,0.98,unknown,"[1.12, 1.12, 1.22, 1.9, 2.04, 2.05, 2.83, 3.19, 3.28, 4.26]"
S4,CH3O,72,-766.801332,-3.7388,1974377.1,True,123,2.579,unknown,"[1.12, 1.13, 1.22, 1.91, 2.04, 2.05, 2.86, 3.17, 3.3, 4.32]"
S4,CH3O,284,-766.801106,-3.7386,1974603.4,True,105,0.981,unknown,"[1.12, 1.12, 1.22, 1.91, 2.04, 2.05, 3.35, 3.38, 3.51, 4.3]"
S4,CH3O,197,-764.908933,-1.8464,1986912.2,True,200,0.989,unknown,"[1.12, 1.12, 1.22, 1.91, 1.95, 2.05, 2.05, 2.74, 2.84, 3.8]"
S4,CH3O,49,-767.21426,-4.1517,1992203.4,True,200,2.535,unknown,"[1.12, 1.12, 1.22, 1.91, 2.04, 2.05, 2.5, 2.8, 3.04, 4.23]"
S4,CH3O,102,-766.776526,-3.714,1999183.7,True,125,0.979,unknown,"[1.12, 1.12, 1.22, 1.9, 2.05, 2.05, 2.67, 2.91, 3.1, 3.55]"
S4,CH3O,320,-766.760779,-3.6982,2014930.5,True,174,0.98,unknown,"[1.12, 1.12, 1.22, 1.91, 2.05, 2.05, 2.44, 3.23, 3.28, 4.33]"
S4,CH3O,53,-767.213055,-4.1505,2033322.8,True,200,0.98,unknown,"[1.12, 1.13, 1.22, 1.91, 2.04, 2.05, 2.71, 3.3, 3.36, 4.46]"
S4,CH3O,71,-766.732939,-3.6704,2042771.0,True,125,0.98,unknown,"[1.12, 1.12, 1.22, 1.91, 2.04, 2.05, 2.66, 3.0, 3.23, 4.4]"
S4,CH3O,184,-764.919751,-1.8572,2209426.2,True,200,0.987,unknown,"[1.11, 1.12, 1.23, 1.91, 2.03, 2.05, 2.44, 2.53, 2.68, 2.95]"
S4,CH3O,195,-766.381879,-3.3193,2393830.2,True,93,0.981,unknown,"[1.12, 1.12, 1.22, 1.91, 2.04, 2.05, 3.04, 3.04, 3.13, 3.57]"
S4,CH3O,322,-766.294158,-3.2316,2481551.2,True,113,0.981,unknown,"[1.12, 1.12, 1.22, 1.9, 2.05, 2.05, 2.55, 2.78, 3.04, 4.2]"
S4,CH3O,302,-765.087177,-2.0246,3688532.9,True,92,1.436,unknown,"[1.1, 1.1, 1.1, 1.45, 1.81, 1.82, 1.82, 2.01, 2.1, 2.1]"
S4,CH3O,68,-765.083331,-2.0208,3692378.6,True,87,2.27,unknown,"[1.1, 1.1, 1.1, 1.45, 1.81, 1.82, 1.83, 2.02, 2.1, 2.1]"
S4,CH3O,245,-765.071594,-2.009,3704115.1,True,109,1.434,unknown,"[1.1, 1.1, 1.11, 1.45, 1.82, 1.82, 1.82, 2.01, 2.11, 2.11]"
S4,CH3O,341,-765.070836,-2.0083,3704873.8,True,101,1.439,unknown,"[1.1, 1.1, 1.1, 1.45, 1.81, 1.81, 1.82, 2.01, 2.1, 2.11]"
S4,CH3O,182,-765.070397,-2.0078,3705312.5,True,80,1.436,unknown,"[1.1, 1.1, 1.1, 1.45, 1.82, 1.82, 1.82, 2.02, 2.1, 2.1]"
S4,CH3O,377,-765.070198,-2.0076,3705511.9,True,107,1.434,unknown,"[1.1, 1.1, 1.11, 1.45, 1.82, 1.82, 1.82, 2.01, 2.1, 2.11]"
S4,CH3O,215,-765.069987,-2.0074,3705722.4,True,95,1.44,unknown,"[1.1, 1.1, 1.1, 1.45, 1.81, 1.82, 1.82, 2.01, 2.1, 2.1]"
S4,CH3O,308,-765.069557,-2.007,3706152.4,True,79,1.435,unknown,"[1.1, 1.1, 1.1, 1.45, 1.81, 1.82, 1.83, 2.02, 2.1, 2.11]"
S4,CH3O,89,-765.068853,-2.0063,3706856.1,True,95,1.439,unknown,"[1.1, 1.1, 1.1, 1.45, 1.81, 1.82, 1.82, 2.01, 2.1, 2.11]"
S4,CH3O,353,-765.068786,-2.0062,3706923.7,True,92,1.439,unknown,"[1.1, 1.1, 1.1, 1.45, 1.81, 1.81, 1.83, 2.01, 2.1, 2.1]"
S4,CH3O,384,-765.064956,-2.0024,3710754.0,True,133,1.434,unknown,"[1.1, 1.1, 1.1, 1.45, 1.81, 1.81, 1.82, 2.02, 2.1, 2.11]"
S4,CH3O,125,-765.058465,-1.9959,3717245.0,True,92,1.434,unknown,"[1.1, 1.1, 1.11, 1.45, 1.82, 1.82, 1.83, 2.01, 2.1, 2.1]"
S4,CH3O,227,-765.053037,-1.9905,3722672.2,True,98,1.436,unknown,"[1.1, 1.1, 1.1, 1.45, 1.81, 1.81, 1.83, 2.01, 2.1, 2.1]"
S4,CH3O,386,-765.052813,-1.9903,3722896.9,True,104,1.432,unknown,"[1.1, 1.1, 1.1, 1.45, 1.81, 1.82, 1.82, 2.02, 2.1, 2.1]"
S4,CH3O,119,-765.048675,-1.9861,3727034.5,True,94,1.437,unknown,"[1.1, 1.1, 1.1, 1.45, 1.81, 1.82, 1.82, 2.01, 2.1, 2.11]"
S4,CH3O,244,-765.040934,-1.9784,3734775.5,True,100,1.431,unknown,"[1.1, 1.1, 1.1, 1.45, 1.81, 1.82, 1.82, 2.02, 2.1, 2.1]"
S4,CH3O,193,-765.036389,-1.9738,3739321.0,True,152,1.434,unknown,"[1.1, 1.1, 1.1, 1.45, 1.81, 1.81, 1.82, 2.02, 2.1, 2.1]"
S4,CH3O,218,-765.031349,-1.9688,3744360.6,True,136,1.434,unknown,"[1.1, 1.1, 1.1, 1.45, 1.81, 1.81, 1.82, 2.02, 2.1, 2.11]"
S4,CH3O,73,-765.030264,-1.9677,3745445.3,True,146,1.434,unknown,"[1.1, 1.1, 1.1, 1.45, 1.81, 1.81, 1.82, 2.02, 2.1, 2.1]"
S4,CH3O,117,-765.021666,-1.9591,3754044.0,True,74,1.434,unknown,"[1.1, 1.1, 1.1, 1.45, 1.81, 1.82, 1.82, 2.02, 2.1, 2.1]"
S4,CH3O,146,-765.018299,-1.9558,3757410.1,True,135,1.431,unknown,"[1.1, 1.1, 1.1, 1.45, 1.81, 1.82, 1.82, 2.02, 2.1, 2.11]"
S4,CH3O,243,-765.013171,-1.9506,3762538.1,True,82,1.431,unknown,"[1.1, 1.1, 1.1, 1.45, 1.81, 1.81, 1.82, 2.01, 2.1, 2.1]"
S4,CH3O,250,-765.003182,-1.9406,3772527.7,True,87,1.431,unknown,"[1.1, 1.1, 1.1, 1.45, 1.81, 1.82, 1.82, 2.02, 2.1, 2.11]"
S4,CH3O,376,-764.999864,-1.9373,3775845.6,True,87,1.431,unknown,"[1.1, 1.1, 1.1, 1.45, 1.81, 1.81, 1.82, 2.02, 2.1, 2.11]"
S4,CH3O,385,-764.979038,-1.9165,3796671.9,True,92,1.44,unknown,"[1.1, 1.1, 1.1, 1.46, 1.8, 1.82, 1.82, 2.05, 2.07, 2.11]"
S4,CH3O,175,-764.9766,-1.9141,3799109.7,True,125,1.427,unknown,"[1.1, 1.1, 1.1, 1.45, 1.81, 1.82, 1.82, 2.03, 2.1, 2.11]"
S4,CH3O,81,-764.92339,-1.8608,3852319.1,True,91,1.978,unknown,"[1.11, 1.11, 1.11, 1.41, 1.8, 1.81, 1.81, 2.0, 2.09, 2.1]"
S4,CH3O,282,-764.922512,-1.86,3853197.2,True,80,2.465,unknown,"[1.11, 1.11, 1.11, 1.41, 1.8, 1.81, 1.81, 2.0, 2.1, 2.1]"
S4,CH3O,156,-764.921967,-1.8594,3853742.3,True,80,2.462,unknown,"[1.11, 1.11, 1.11, 1.41, 1.8, 1.81, 1.81, 2.0, 2.09, 2.09]"
S4,CH3O,10,-764.920502,-1.858,3855207.1,True,82,2.497,unknown,"[1.11, 1.11, 1.11, 1.41, 1.81, 1.81, 1.81, 2.0, 2.09, 2.1]"
S4,CH3O,136,-764.920359,-1.8578,3855351.0,True,81,1.981,unknown,"[1.11, 1.11, 1.11, 1.41, 1.81, 1.81, 1.81, 2.0, 2.09, 2.09]"
S4,CH3O,337,-764.918609,-1.8561,3857101.0,True,81,1.982,unknown,"[1.11, 1.11, 1.11, 1.4, 1.81, 1.81, 1.81, 2.0, 2.09, 2.1]"
S4,CH3O,349,-764.918342,-1.8558,3857367.5,True,81,1.982,unknown,"[1.11, 1.11, 1.11, 1.4, 1.81, 1.81, 1.81, 2.0, 2.09, 2.09]"
S4,CH3O,41,-764.91833,-1.8558,3857379.1,True,103,1.98,unknown,"[1.11, 1.11, 1.11, 1.41, 1.81, 1.81, 1.82, 2.0, 2.09, 2.09]"
S4,CH3O,298,-764.913935,-1.8514,3861774.5,True,111,1.977,unknown,"[1.11, 1.11, 1.11, 1.41, 1.81, 1.81, 1.81, 2.0, 2.09, 2.1]"
S4,CH3O,106,-764.910249,-1.8477,3865460.2,True,89,1.979,unknown,"[1.11, 1.11, 1.11, 1.41, 1.8, 1.81, 1.81, 2.0, 2.1, 2.1]"
S4,CH3O,183,-764.909692,-1.8471,3866017.9,True,105,1.981,unknown,"[1.11, 1.11, 1.11, 1.4, 1.81, 1.81, 1.81, 2.0, 2.09, 2.09]"
S4,CH3O,309,-764.909308,-1.8468,3866401.4,True,56,1.98,unknown,"[1.11, 1.11, 1.11, 1.41, 1.8, 1.81, 1.82, 2.0, 2.09, 2.1]"
S4,CH3O,372,-764.908933,-1.8464,3866776.8,True,53,1.982,unknown,"[1.11, 1.11, 1.11, 1.41, 1.81, 1.81, 1.81, 2.0, 2.09, 2.09]"
S4,CH3O,77,-764.905643,-1.8431,3870066.2,True,113,1.983,unknown,"[1.11, 1.11, 1.11, 1.41, 1.81, 1.81, 1.81, 2.01, 2.1, 2.1]"
S4,CH3O,220,-764.904939,-1.8424,3870770.3,True,53,1.983,unknown,"[1.11, 1.11, 1.11, 1.41, 1.8, 1.81, 1.81, 2.01, 2.09, 2.1]"
S4,CH3O,162,-764.904447,-1.8419,3871262.2,True,93,1.98,unknown,"[1.11, 1.11, 1.11, 1.41, 1.81, 1.81, 1.81, 2.01, 2.09, 2.1]"
S4,CH3O,151,-764.904255,-1.8417,3871454.3,True,81,1.981,unknown,"[1.11, 1.11, 1.11, 1.41, 1.81, 1.81, 1.81, 2.0, 2.09, 2.1]"
S4,CH3O,248,-764.904179,-1.8416,3871530.2,True,89,1.983,unknown,"[1.11, 1.11, 1.11, 1.41, 1.79, 1.81, 1.83, 2.0, 2.1, 2.1]"
S4,CH3O,232,-764.904037,-1.8415,3871672.1,True,83,1.981,unknown,"[1.11, 1.11, 1.11, 1.41, 1.8, 1.81, 1.82, 2.01, 2.1, 2.1]"
S4,CH3O,160,-764.902698,-1.8402,3873011.2,True,87,1.982,unknown,"[1.11, 1.11, 1.11, 1.41, 1.81, 1.81, 1.81, 2.01, 2.09, 2.09]"
S4,CH3O,2,-764.902394,-1.8398,3873316.0,True,84,2.713,unknown,"[1.11, 1.11, 1.11, 1.41, 1.81, 1.81, 1.82, 2.01, 2.1, 2.1]"
S4,CH3O,373,-764.901671,-1.8391,3874038.9,True,53,1.983,unknown,"[1.11, 1.11, 1.11, 1.4, 1.81, 1.81, 1.81, 2.0, 2.08, 2.09]"
S4,CH3O,365,-764.898882,-1.8363,3876827.4,True,95,1.981,unknown,"[1.11, 1.11, 1.11, 1.41, 1.8, 1.81, 1.81, 2.01, 2.1, 2.1]"
S4,CH3O,362,-764.89734,-1.8348,3878369.3,True,89,1.979,unknown,"[1.11, 1.11, 1.11, 1.42, 1.8, 1.81, 1.81, 2.0, 2.1, 2.1]"
S4,CH3O,213,-764.896361,-1.8338,3879348.1,True,64,1.986,unknown,"[1.11, 1.11, 1.11, 1.4, 1.81, 1.81, 1.81, 2.01, 2.08, 2.1]"
S4,CH3O,115,-764.896354,-1.8338,3879355.4,True,76,1.98,unknown,"[1.11, 1.11, 1.11, 1.41, 1.81, 1.81, 1.81, 2.01, 2.1, 2.1]"
S4,CH3O,219,-764.896016,-1.8335,3879693.4,True,73,1.979,unknown,"[1.11, 1.11, 1.11, 1.41, 1.81, 1.81, 1.82, 2.01, 2.09, 2.09]"
S4,CH3O,379,-764.895921,-1.8334,3879788.7,True,88,1.983,unknown,"[1.11, 1.11, 1.11, 1.42, 1.8, 1.81, 1.82, 2.0, 2.1, 2.11]"
S4,CH3O,59,-764.89591,-1.8334,3879799.8,True,95,2.56,atop,"[1.11, 1.11, 1.11, 1.41, 1.79, 1.81, 1.82, 2.0, 2.1, 2.11]"
S4,CH3O,11,-764.89573,-1.8332,3879979.3,True,66,2.704,unknown,"[1.11, 1.11, 1.14, 1.4, 1.79, 1.82, 1.84, 2.02, 2.09, 2.1]"
S4,CH3O,315,-764.895389,-1.8328,3880320.3,True,82,1.981,unknown,"[1.11, 1.11, 1.11, 1.4, 1.81, 1.81, 1.81, 2.0, 2.08, 2.1]"
S4,CH3O,1,-767.258794,-4.1962,3880648.9,True,200,2.737,bridge,"[1.11, 1.12, 1.13, 1.39, 1.81, 1.82, 1.83, 2.01, 2.07, 2.11]"
S4,CH3O,63,-764.894815,-1.8323,3880894.6,True,86,1.982,unknown,"[1.11, 1.11, 1.11, 1.4, 1.81, 1.81, 1.81, 2.0, 2.09, 2.1]"
S4,CH3O,164,-764.894437,-1.8319,3881273.0,True,74,1.979,unknown,"[1.11, 1.11, 1.11, 1.4, 1.81, 1.81, 1.81, 2.01, 2.09, 2.1]"
S4,CH3O,289,-764.894253,-1.8317,3881456.4,True,82,1.979,unknown,"[1.11, 1.11, 1.11, 1.41, 1.81, 1.81, 1.81, 2.01, 2.09, 2.1]"
S4,CH3O,61,-764.893932,-1.8314,3881777.6,True,72,1.983,unknown,"[1.11, 1.11, 1.11, 1.4, 1.8, 1.81, 1.81, 2.01, 2.09, 2.1]"
S4,CH3O,263,-764.893804,-1.8313,3881905.9,True,66,1.988,unknown,"[1.11, 1.11, 1.13, 1.41, 1.8, 1.82, 1.84, 2.02, 2.09, 2.1]"
S4,CH3O,168,-764.893752,-1.8312,3881957.4,True,72,1.984,unknown,"[1.11, 1.11, 1.11, 1.4, 1.8, 1.81, 1.82, 2.01, 2.09, 2.1]"
S4,CH3O,202,-764.893643,-1.8311,3882066.6,True,80,1.98,unknown,"[1.11, 1.11, 1.11, 1.4, 1.81, 1.81, 1.81, 2.01, 2.08, 2.1]"
S4,CH3O,333,-764.893109,-1.8306,3882600.6,True,72,1.98,unknown,"[1.11, 1.11, 1.11, 1.41, 1.81, 1.81, 1.82, 2.01, 2.09, 2.1]"
S4,CH3O,187,-764.892972,-1.8304,3882737.0,True,77,1.984,unknown,"[1.11, 1.11, 1.11, 1.41, 1.81, 1.81, 1.81, 2.01, 2.08, 2.1]"
S4,CH3O,334,-764.892882,-1.8303,3882827.8,True,58,1.98,unknown,"[1.11, 1.11, 1.11, 1.41, 1.81, 1.81, 1.81, 2.0, 2.09, 2.1]"
S4,CH3O,23,-764.892861,-1.8303,3882848.4,True,66,2.706,unknown,"[1.11, 1.11, 1.12, 1.41, 1.8, 1.82, 1.83, 2.02, 2.09, 2.1]"
S4,CH3O,137,-764.892718,-1.8302,3882991.9,True,66,1.986,unknown,"[1.11, 1.11, 1.12, 1.41, 1.8, 1.81, 1.83, 2.01, 2.09, 2.1]"
S4,CH3O,242,-764.892607,-1.8301,3883102.8,True,55,1.977,unknown,"[1.11, 1.11, 1.11, 1.41, 1.8, 1.82, 1.82, 2.0, 2.09, 2.09]"
S4,CH3O,6,-764.89234,-1.8298,3883369.9,True,55,2.613,unknown,"[1.11, 1.11, 1.11, 1.4, 1.81, 1.81, 1.81, 2.0, 2.08, 2.1]"
S4,CH3O,204,-764.892129,-1.8296,3883580.3,True,80,1.98,unknown,"[1.11, 1.11, 1.11, 1.4, 1.81, 1.81, 1.81, 2.0, 2.08, 2.09]"
S4,CH3O,3,-764.891484,-1.8289,3884226.0,True,55,2.608,unknown,"[1.11, 1.11, 1.11, 1.4, 1.81, 1.81, 1.82, 2.0, 2.08, 2.1]"
S4,CH3O,275,-764.891159,-1.8286,3884550.1,True,66,1.986,unknown,"[1.11, 1.11, 1.12, 1.41, 1.8, 1.81, 1.83, 2.02, 2.09, 2.1]"
S4,CH3O,285,-764.891103,-1.8286,3884606.3,True,75,1.986,unknown,"[1.11, 1.11, 1.12, 1.4, 1.81, 1.81, 1.82, 2.01, 2.07, 2.1]"
S4,CH3O,113,-764.890512,-1.828,3885197.6,True,83,1.982,unknown,"[1.11, 1.11, 1.11, 1.41, 1.81, 1.81, 1.82, 2.01, 2.1, 2.1]"
S4,CH3O,36,-764.890258,-1.8277,3885451.9,True,75,2.609,atop,"[1.11, 1.11, 1.12, 1.4, 1.81, 1.82, 1.82, 2.01, 2.07, 2.1]"
S4,CH3O,255,-764.890228,-1.8277,3885481.2,True,54,1.984,unknown,"[1.11, 1.11, 1.12, 1.4, 1.81, 1.82, 1.82, 2.0, 2.07, 2.1]"
S4,CH3O,378,-764.88969,-1.8271,3886019.2,True,60,1.982,unknown,"[1.11, 1.11, 1.12, 1.41, 1.8, 1.81, 1.82, 2.01, 2.09, 2.1]"
S4,CH3O,110,-764.889675,-1.8271,3886034.5,True,82,1.982,unknown,"[1.11, 1.11, 1.11, 1.41, 1.8, 1.81, 1.82, 2.01, 2.1, 2.1]"
S4,CH3O,339,-764.8894,-1.8269,3886310.0,True,56,1.986,unknown,"[1.11, 1.11, 1.11, 1.4, 1.8, 1.81, 1.82, 2.01, 2.09, 2.09]"
S4,CH3O,351,-764.889224,-1.8267,3886485.1,True,58,1.984,unknown,"[1.11, 1.11, 1.11, 1.4, 1.81, 1.81, 1.82, 2.01, 2.09, 2.09]"
S4,CH3O,312,-764.888159,-1.8256,3887550.1,True,76,1.984,unknown,"[1.11, 1.11, 1.11, 1.41, 1.81, 1.81, 1.81, 2.01, 2.09, 2.09]"
S4,CH3O,290,-764.887549,-1.825,3888160.4,True,88,1.979,unknown,"[1.11, 1.11, 1.11, 1.41, 1.81, 1.81, 1.81, 2.0, 2.09, 2.09]"
S4,CH3O,114,-764.887202,-1.8247,3888507.0,True,56,1.981,unknown,"[1.11, 1.11, 1.11, 1.41, 1.8, 1.81, 1.82, 2.01, 2.09, 2.11]"
S4,CH3O,231,-764.886839,-1.8243,3888870.7,True,54,1.984,unknown,"[1.11, 1.11, 1.11, 1.4, 1.81, 1.82, 1.82, 2.0, 2.07, 2.1]"
S4,CH3O,87,-764.886745,-1.8242,3888965.0,True,56,1.985,unknown,"[1.11, 1.11, 1.11, 1.4, 1.81, 1.81, 1.81, 2.01, 2.09, 2.09]"
S4,CH3O,186,-764.886357,-1.8238,3889352.9,True,66,1.897,unknown,"[1.11, 1.11, 1.13, 1.39, 1.81, 1.82, 1.83, 2.01, 2.06, 2.1]"
S4,CH3O,273,-764.886196,-1.8236,3889513.9,True,55,1.981,unknown,"[1.11, 1.11, 1.11, 1.41, 1.79, 1.82, 1.82, 2.0, 2.1, 2.11]"
S4,CH3O,33,-764.885843,-1.8233,3889866.7,True,71,2.632,atop,"[1.11, 1.11, 1.12, 1.39, 1.81, 1.82, 1.83, 2.0, 2.07, 2.09]"
S4,CH3O,126,-764.885207,-1.8227,3890502.6,True,70,1.982,unknown,"[1.11, 1.11, 1.11, 1.41, 1.78, 1.82, 1.82, 2.01, 2.1, 2.1]"
S4,CH3O,331,-764.884944,-1.8224,3890765.1,True,92,1.981,unknown,"[1.11, 1.11, 1.11, 1.41, 1.81, 1.81, 1.81, 2.01, 2.09, 2.09]"
S4,CH3O,252,-764.884698,-1.8222,3891011.3,True,69,1.982,unknown,"[1.11, 1.11, 1.11, 1.41, 1.78, 1.82, 1.82, 2.0, 2.1, 2.1]"
S4,CH3O,42,-764.884558,-1.822,3891151.9,True,65,1.986,unknown,"[1.11, 1.11, 1.12, 1.39, 1.81, 1.82, 1.83, 2.01, 2.06, 2.1]"
S4,CH3O,0,-764.884304,-1.8218,3891405.8,True,84,2.458,unknown,"[1.11, 1.11, 1.11, 1.41, 1.78, 1.82, 1.82, 2.01, 2.1, 2.11]"
S4,CH3O,370,-764.883908,-1.8214,3891801.4,True,81,1.986,unknown,"[1.11, 1.11, 1.12, 1.41, 1.8, 1.81, 1.82, 2.01, 2.09, 2.1]"
S4,CH3O,371,-764.883518,-1.821,3892191.8,True,95,1.986,unknown,"[1.11, 1.11, 1.12, 1.41, 1.78, 1.81, 1.83, 2.01, 2.1, 2.1]"
S4,CH3O,247,-764.883161,-1.8206,3892548.1,True,81,1.987,unknown,"[1.11, 1.11, 1.12, 1.41, 1.8, 1.82, 1.83, 2.02, 2.09, 2.1]"
S4,CH3O,350,-764.882095,-1.8195,3893614.3,True,67,1.984,unknown,"[1.11, 1.11, 1.11, 1.41, 1.8, 1.81, 1.82, 2.01, 2.1, 2.1]"
S4,CH3O,276,-764.881732,-1.8192,3893977.9,True,85,1.981,unknown,"[1.11, 1.11, 1.11, 1.41, 1.81, 1.81, 1.81, 2.01, 2.09, 2.1]"
S4,CH3O,24,-764.881685,-1.8191,3894025.0,True,84,2.652,unknown,"[1.11, 1.11, 1.11, 1.41, 1.81, 1.81, 1.81, 2.01, 2.1, 2.1]"
S4,CH3O,159,-764.881574,-1.819,3894135.9,True,66,1.985,unknown,"[1.11, 1.11, 1.12, 1.4, 1.81, 1.82, 1.82, 2.01, 2.07, 2.1]"
S4,CH3O,292,-764.881239,-1.8187,3894470.5,True,78,1.985,unknown,"[1.11, 1.11, 1.11, 1.41, 1.78, 1.82, 1.83, 2.01, 2.1, 2.1]"
S4,CH3O,147,-764.880014,-1.8175,3895695.2,True,64,1.984,unknown,"[1.11, 1.11, 1.11, 1.41, 1.78, 1.82, 1.82, 2.0, 2.1, 2.11]"
S4,CH3O,222,-764.876843,-1.8143,3898866.4,True,63,1.984,unknown,"[1.11, 1.11, 1.11, 1.41, 1.78, 1.81, 1.82, 2.0, 2.1, 2.11]"
S4,CH3O,138,-764.875891,-1.8133,3899818.3,True,81,1.977,unknown,"[1.11, 1.11, 1.11, 1.41, 1.81, 1.81, 1.81, 2.0, 2.1, 2.1]"
S4,CH3O,264,-764.875453,-1.8129,3900256.7,True,81,1.977,unknown,"[1.11, 1.11, 1.11, 1.41, 1.81, 1.81, 1.81, 2.0, 2.09, 2.1]"
S4,CH3O,121,-764.874992,-1.8124,3900717.2,True,95,1.984,unknown,"[1.11, 1.11, 1.11, 1.41, 1.78, 1.81, 1.82, 2.0, 2.1, 2.11]"
S4,CH3O,217,-764.901494,-1.8389,3907351.6,True,200,1.549,unknown,"[1.11, 1.11, 1.19, 1.35, 1.78, 1.85, 1.88, 1.98, 2.08, 2.1]"
S4,CH3O,279,-764.887562,-1.825,3987032.8,True,200,1.093,unknown,"[1.12, 1.18, 1.32, 1.86, 2.15, 2.25, 2.51, 2.86, 3.0, 4.04]"
S4,CH3O,28,-767.250586,-4.188,3994771.8,True,200,2.552,unknown,"[1.11, 1.12, 1.12, 1.41, 1.8, 1.83, 1.83, 2.02, 2.1, 2.1]"
S4,CH3O,145,-764.762093,-1.6995,4013616.1,True,59,2.002,unknown,"[1.11, 1.11, 1.11, 1.4, 1.78, 1.82, 1.82, 2.0, 2.09, 2.09]"
S4,CH3O,352,-764.76009,-1.6975,4015619.2,True,58,2.001,unknown,"[1.11, 1.11, 1.11, 1.4, 1.78, 1.82, 1.82, 2.0, 2.09, 2.1]"
S4,CH3O,340,-764.759903,-1.6974,4015806.2,True,59,2.001,unknown,"[1.11, 1.11, 1.11, 1.39, 1.78, 1.82, 1.82, 2.0, 2.09, 2.09]"
S4,CH3O,355,-764.441084,-1.3785,4033051.7,True,200,2.012,unknown,"[1.09, 1.12, 1.12, 1.42, 1.79, 1.81, 1.81, 2.02, 2.09, 2.12]"
S4,CH3O,249,-764.569434,-1.5069,4206275.9,True,97,1.431,unknown,"[1.1, 1.1, 1.1, 1.45, 1.81, 1.82, 1.82, 2.02, 2.1, 2.1]"
S4,CH3O,92,-766.872871,-3.8103,4264919.3,True,200,1.547,unknown,"[1.12, 1.13, 1.22, 1.9, 2.04, 2.06, 2.12, 2.86, 3.02, 3.87]"
S4,CH3O,15,-767.25375,-4.1912,4293624.9,True,200,1.557,unknown,"[1.13, 1.13, 1.23, 1.89, 2.07, 2.08, 2.76, 2.92, 3.08, 4.07]"
S4,CH3O,27,-767.250884,-4.1883,4302193.3,True,200,1.514,unknown,"[1.12, 1.12, 1.23, 1.9, 2.06, 2.06, 2.66, 2.77, 3.0, 4.04]"
S4,CH3O,363,-764.429613,-1.3671,4314948.0,True,200,1.55,unknown,"[1.12, 1.13, 1.22, 1.9, 2.05, 2.05, 2.72, 2.8, 2.84, 3.48]"
S4,CH3O,67,-764.458634,-1.3961,4317075.9,True,99,2.524,unknown,"[1.12, 1.12, 1.22, 1.9, 2.05, 2.05, 2.29, 2.58, 2.61, 3.57]"
S4,CH3O,319,-764.45775,-1.3952,4317959.1,True,99,1.543,unknown,"[1.12, 1.12, 1.22, 1.9, 2.05, 2.05, 2.28, 2.59, 2.6, 3.53]"
S4,CH3O,301,-764.456464,-1.3939,4319245.6,True,94,1.543,unknown,"[1.12, 1.13, 1.22, 1.9, 2.05, 2.05, 2.29, 2.56, 2.61, 3.56]"
S4,CH3O,172,-764.922512,-1.86,4323393.8,True,200,1.563,unknown,"[1.12, 1.12, 1.22, 1.9, 2.05, 2.05, 2.25, 2.46, 2.73, 3.93]"
S4,CH3O,344,-764.45775,-1.3952,4324624.2,True,200,1.549,unknown,"[1.12, 1.13, 1.22, 1.9, 2.04, 2.05, 2.26, 2.4, 2.66, 3.82]"
S4,CH3O,74,-764.44921,-1.3867,4326499.3,True,95,2.867,unknown,"[1.12, 1.13, 1.22, 1.9, 2.05, 2.05, 2.22, 2.56, 2.71, 3.39]"
S4,CH3O,326,-764.448585,-1.386,4327124.8,True,96,2.354,unknown,"[1.12, 1.13, 1.22, 1.9, 2.05, 2.05, 2.22, 2.58, 2.74, 3.42]"
S4,CH3O,200,-764.448033,-1.3855,4327676.5,True,96,2.428,unknown,"[1.12, 1.13, 1.22, 1.9, 2.05, 2.05, 2.2, 2.52, 2.63, 3.37]"
S4,CH3O,56,-764.447296,-1.3847,4328413.8,True,94,2.551,unknown,"[1.12, 1.13, 1.22, 1.9, 2.05, 2.05, 2.2, 2.52, 2.61, 3.4]"
S4,CH3O,307,-764.444949,-1.3824,4330760.0,True,99,1.543,unknown,"[1.12, 1.13, 1.22, 1.91, 2.05, 2.05, 2.27, 2.42, 2.58, 3.63]"
S4,CH3O,181,-764.444132,-1.3816,4331577.1,True,98,1.542,unknown,"[1.12, 1.13, 1.22, 1.91, 2.05, 2.05, 2.27, 2.41, 2.58, 3.62]"
S4,CH3O,196,-764.441256,-1.3787,4334453.2,True,95,1.54,unknown,"[1.12, 1.13, 1.22, 1.91, 2.05, 2.06, 2.26, 2.54, 2.63, 3.37]"
S4,CH3O,230,-764.441084,-1.3785,4334625.5,True,104,2.376,unknown,"[1.12, 1.12, 1.22, 1.9, 2.05, 2.05, 2.29, 2.32, 2.62, 3.76]"
S4,CH3O,228,-764.89573,-1.8332,4335549.3,True,200,2.102,unknown,"[1.13, 1.13, 1.23, 1.91, 2.05, 2.07, 2.47, 2.49, 2.74, 3.79]"
S4,CH3O,104,-764.439069,-1.3765,4336640.6,True,95,2.452,unknown,"[1.12, 1.12, 1.22, 1.9, 2.05, 2.05, 2.28, 2.32, 2.61, 3.75]"
S4,CH3O,323,-764.437383,-1.3748,4338326.7,True,92,1.541,unknown,"[1.12, 1.13, 1.22, 1.91, 2.05, 2.06, 2.26, 2.52, 2.63, 3.34]"
S4,CH3O,356,-764.437238,-1.3747,4338471.2,True,144,2.391,unknown,"[1.12, 1.12, 1.22, 1.9, 2.05, 2.05, 2.22, 2.3, 2.55, 3.67]"
S4,CH3O,70,-764.437057,-1.3745,4338652.6,True,91,2.55,unknown,"[1.12, 1.13, 1.22, 1.91, 2.05, 2.06, 2.26, 2.5, 2.59, 3.33]"
S4,CH3O,52,-764.435737,-1.3732,4339972.6,True,96,2.536,unknown,"[1.12, 1.13, 1.22, 1.91, 2.04, 2.06, 2.15, 2.55, 2.8, 3.36]"
S4,CH3O,342,-764.469563,-1.407,4342747.6,False,600,1.559,unknown,"[1.12, 1.12, 1.22, 1.9, 2.05, 2.05, 2.31, 2.55, 2.65, 3.66]"
S4,CH3O,64,-764.429613,-1.3671,4346096.5,True,111,1.54,unknown,"[1.12, 1.12, 1.22, 1.9, 2.04, 2.05, 2.29, 2.5, 2.67, 3.76]"
S4,CH3O,216,-764.901671,-1.8391,4352640.2,True,200,1.548,unknown,"[1.12, 1.13, 1.22, 1.9, 2.05, 2.05, 2.25, 2.55, 2.64, 3.66]"
S4,CH3O,354,-764.441256,-1.3787,4353395.6,True,200,2.079,unknown,"[1.13, 1.13, 1.22, 1.91, 2.05, 2.06, 2.37, 2.56, 2.67, 3.65]"
S4,CH3O,90,-766.878662,-3.8161,4361376.1,True,200,1.55,unknown,"[1.12, 1.12, 1.23, 1.9, 2.05, 2.06, 2.18, 2.53, 2.59, 3.63]"
S4,CH3O,116,-764.364089,-1.3015,4411620.7,True,42,1.979,unknown,"[1.11, 1.11, 1.11, 1.41, 1.81, 1.81, 1.81, 2.0, 2.1, 2.1]"
S4,CH3O,118,-764.336645,-1.2741,4439064.1,True,21,1.428,unknown,"[1.1, 1.1, 1.1, 1.45, 1.81, 1.81, 1.82, 2.0, 2.11, 2.12]"
S4,CH3O,251,-764.329324,-1.2668,4446385.2,True,24,1.42,unknown,"[1.1, 1.1, 1.1, 1.45, 1.81, 1.81, 1.82, 2.01, 2.11, 2.11]"
S4,CH3O,123,-764.328175,-1.2656,4447534.9,True,34,1.424,unknown,"[1.1, 1.1, 1.1, 1.45, 1.82, 1.82, 1.82, 2.01, 2.1, 2.11]"
S4,CH3O,46,-763.891269,-0.8287,4884440.8,True,55,1.509,unknown,"[1.1, 1.1, 1.11, 1.45, 1.8, 1.81, 1.84, 1.98, 2.11, 2.12]"
S4,CH3O,58,-763.889953,-0.8274,4885756.1,True,69,1.505,unknown,"[1.1, 1.1, 1.11, 1.45, 1.8, 1.81, 1.85, 1.98, 2.1, 2.12]"
S4,CH3O,291,-763.8882,-0.8257,4887509.9,True,69,1.505,unknown,"[1.1, 1.1, 1.11, 1.45, 1.81, 1.81, 1.85, 1.98, 2.1, 2.12]"
S4,CH3O,311,-763.884176,-0.8216,4891533.2,True,56,1.512,unknown,"[1.1, 1.1, 1.11, 1.45, 1.81, 1.81, 1.84, 1.97, 2.11, 2.12]"
S4,CH3O,299,-763.883786,-0.8212,4891923.8,True,83,1.549,unknown,"[1.1, 1.1, 1.11, 1.45, 1.82, 1.83, 1.83, 1.97, 2.11, 2.11]"
S4,CH3O,57,-763.882742,-0.8202,4892967.2,True,64,1.504,unknown,"[1.1, 1.1, 1.1, 1.45, 1.8, 1.81, 1.84, 1.98, 2.1, 2.11]"
S4,CH3O,171,-763.861105,-0.7986,4914604.6,True,78,1.541,unknown,"[1.1, 1.1, 1.1, 1.45, 1.82, 1.82, 1.82, 1.96, 2.12, 2.12]"
S4,CH3O,367,-763.850133,-0.7876,4925576.6,True,86,1.544,unknown,"[1.12, 1.12, 1.22, 1.9, 2.05, 2.05, 2.34, 2.36, 2.48, 3.38]"
S4,CH3O,32,-767.24779,-4.1852,4963182.0,True,200,1.969,unknown,"[1.12, 1.14, 1.15, 1.34, 1.8, 1.82, 1.86, 2.03, 2.07, 2.09]"
S4,CH3O,293,-763.770556,-0.708,5005154.0,True,86,1.513,unknown,"[1.1, 1.1, 1.11, 1.45, 1.8, 1.81, 1.81, 1.97, 2.14, 2.14]"
S4,CH3O,190,-763.744699,-0.6822,5031010.5,True,52,1.512,unknown,"[1.1, 1.1, 1.11, 1.45, 1.81, 1.81, 1.81, 1.97, 2.13, 2.14]"
S4,CH3O,360,-763.01195,0.0506,5763759.0,True,33,2.417,unknown,"[1.12, 1.13, 1.13, 1.34, 1.8, 1.81, 1.82, 2.04, 2.05, 2.07]"
S4,CH3O,108,-763.011792,0.0508,5763917.7,True,33,2.414,unknown,"[1.12, 1.13, 1.13, 1.34, 1.81, 1.81, 1.82, 2.03, 2.05, 2.07]"
S4,CH3O,111,-763.011596,0.051,5764113.7,True,33,2.414,unknown,"[1.12, 1.13, 1.13, 1.34, 1.8, 1.81, 1.82, 2.03, 2.05, 2.07]"
