{"@module":"pymatgen.core.structure","@class":"Structure","charge":0.0,"lattice":{"matrix":[[3.05360411,0.0,1.8697932495873514e-16],[4.910569932436668e-16,3.05360411,1.8697932495873514e-16],[0.0,0.0,5.37125679]],"pbc":[true,true,true],"a":3.05360411,"b":3.05360411,"c":5.37125679,"alpha":90.0,"beta":90.0,"gamma":90.0,"volume":50.08427352138736},"properties":{},"sites":[{"species":[{"element":"Pd","occu":1}],"abc":[0.5,0.0,0.5],"properties":{},"label":"Pd","xyz":[1.526802055,0.0,2.685628395]},{"species":[{"element":"Pd","occu":1}],"abc":[0.0,0.5,0.0],"properties":{},"label":"Pd","xyz":[2.455284966218334e-16,1.526802055,9.348966247936757e-17]},{"species":[{"element":"O","occu":1}],"abc":[0.0,0.0,0.75],"properties":{},"label":"O","xyz":[0.0,0.0,4.0284425925]},{"species":[{"element":"O","occu":1}],"abc":[0.0,0.0,0.25],"properties":{},"label":"O","xyz":[0.0,0.0,1.3428141975]}]}