{
  "S1": {
    "n_CO_unique": 12,
    "n_CH3O_unique": 85,
    "CO_top1_E": -405.7190491925288,
    "CO_top1_d_min": 1.9706440711383437,
    "CO_E_range_meV": 1692.3206456886533,
    "CH3O_top1_E": -415.87339027332945,
    "CH3O_top1_d_min": 2.107842662692687,
    "CH3O_E_range_meV": 304.39933224516835,
    "n_coads_unique": 1985,
    "coads_top1_E": -432.0511505530256,
    "coads_top1_d_react": 3.100568187991728,
    "coads_top1_d_min": 1.9785346654468212,
    "coads_E_range_meV": 763.1262014396611,
    "dE_CO_vs_slab": 28.66095080747118,
    "dE_CH3O_vs_slab": 18.506609726670547
  },
  "S2": {
    "n_CO_unique": 26,
    "n_CH3O_unique": 321,
    "CO_top1_E": -575.272268767819,
    "CO_top1_d_min": 2.013831168112259,
    "CO_E_range_meV": 818.4150779874244,
    "CH3O_top1_E": -585.901712210141,
    "CH3O_top1_d_min": 2.135836913596852,
    "CH3O_E_range_meV": 1653.4491342082447,
    "n_coads_unique": 5524,
    "coads_top1_E": -601.6654890648126,
    "coads_top1_d_react": 5.261501900912966,
    "coads_top1_d_min": 1.1803108267318116,
    "coads_E_range_meV": 2863.6611392271334,
    "dE_CO_vs_slab": 43.29273123218104,
    "dE_CH3O_vs_slab": 32.663287789859055
  },
  "S3": {
    "n_CO_unique": 10,
    "n_CH3O_unique": 172,
    "CO_top1_E": -687.9499342381896,
    "CO_top1_d_min": 2.458158014962602,
    "CO_E_range_meV": 125.73722138040466,
    "CH3O_top1_E": -698.6270291711497,
    "CH3O_top1_d_min": 2.7894647917745248,
    "CH3O_E_range_meV": 1180.2482628608004,
    "n_coads_unique": 3614,
    "coads_top1_E": -715.379194836504,
    "coads_top1_d_react": 1.3355968565325549,
    "coads_top1_d_min": 1.4149002345896255,
    "coads_E_range_meV": 3345.8331474103034,
    "dE_CO_vs_slab": 36.15306576181035,
    "dE_CH3O_vs_slab": 25.475970828850222
  },
  "S3b": {
    "n_CO_unique": 18,
    "n_CH3O_unique": 189,
    "CO_top1_E": -547.6289553105206,
    "CO_top1_d_min": 3.5405904302491606,
    "CO_E_range_meV": 2313.9742519532547,
    "CH3O_top1_E": -558.1287233468558,
    "CH3O_top1_d_min": 2.553617627177479,
    "CH3O_E_range_meV": 471.13327901877255,
    "n_coads_unique": 1581,
    "coads_top1_E": -574.750591262553,
    "coads_top1_d_react": 5.3045096908217095,
    "coads_top1_d_min": 1.9099928086222606,
    "coads_E_range_meV": 1407.1504302952462,
    "dE_CO_vs_slab": 23.14304468947944,
    "dE_CH3O_vs_slab": 12.643276653144198
  },
  "S4": {
    "n_CO_unique": 52,
    "n_CH3O_unique": 291,
    "CO_top1_E": -756.5946375558258,
    "CO_top1_d_min": 4.045286438399501,
    "CO_E_range_meV": 3183.5353195132257,
    "CH3O_top1_E": -768.7757095426097,
    "CH3O_top1_d_min": 0.9766440175623655,
    "CH3O_E_range_meV": 5764.113748976911,
    "n_coads_unique": 1918,
    "coads_top1_E": -782.7008482043527,
    "coads_top1_d_react": 1.3319100082706012,
    "coads_top1_d_min": 1.327629427303563,
    "coads_E_range_meV": 5090.075423784242,
    "dE_CO_vs_slab": 31.898362444174268,
    "dE_CH3O_vs_slab": 19.71729045739039
  }
}