{
  "total_pairs_enumerated": 54675,
  "SetA_reactive_2.1-4.0": 12274,
  "SetTS_1.7-2.1": 1403,
  "SetB_thermo_>=5.0": 22592,
  "side_path": 250,
  "ambiguous_4.0-5.0": 12183,
  "steric_rejected": 5973,
  "distance_min": 0.2807503235708765,
  "distance_max": 8.155779990955924,
  "distance_mean": 4.467190527424313
}