{
  "total_pairs_generated": 400,
  "SetA_reactive_2.3-4.0": 110,
  "SetB_thermo_>=5.0": 141,
  "SetTS_1.7-2.3": 28,
  "side_path_<1.7": 23,
  "distance_min": 0.5866878261046568,
  "distance_max": 7.38780028609405,
  "distance_mean": 4.269343739983972,
  "co_smiles": "Cl[C]=O",
  "ch3o_smiles": "ClOC"
}